timestamp,condition,location,repetition,test,sample,metric,value,unit
2026-10-07T14:29:04,baseline,none,1,icmp,1,packets_tx,50,count
2026-10-07T14:29:04,baseline,none,1,icmp,1,packets_rx,50,count
2026-10-07T14:29:04,baseline,none,1,icmp,1,loss_pct,0.0,%
2026-10-07T14:29:04,baseline,none,1,icmp,1,rtt_min,0.767,ms
2026-10-07T14:29:04,baseline,none,1,icmp,1,rtt_avg,2.941,ms
2026-10-07T14:29:04,baseline,none,1,icmp,1,rtt_max,4.804,ms
2026-10-07T14:29:04,baseline,none,1,icmp,1,rtt_mdev,0.987,ms
2026-10-07T14:29:04,baseline,none,1,tcp,1,sender_mbps,1057.5507656029688,Mbit/s
2026-10-07T14:29:04,baseline,none,1,tcp,1,receiver_mbps,1056.0408506730264,Mbit/s
2026-10-07T14:29:04,baseline,none,1,tcp,1,retransmits,1396,count
2026-10-07T14:29:04,baseline,none,1,tcp,1,bytes,1320068092,bytes
2026-10-07T14:29:04,baseline,none,1,udp,1,offered_mbps,10.0,Mbit/s
2026-10-07T14:29:04,baseline,none,1,udp,1,received_mbps,10.000956884886747,Mbit/s
2026-10-07T14:29:04,baseline,none,1,udp,1,loss_pct,0,%
2026-10-07T14:29:04,baseline,none,1,udp,1,jitter_ms,0.07148323024519024,ms
2026-10-07T14:29:04,baseline,none,1,udp,1,packets,9275,count
2026-10-07T14:29:04,baseline,none,1,http,1,http_success,1,bool
2026-10-07T14:29:04,baseline,none,1,http,1,http_connect_ms,1.062,ms
2026-10-07T14:29:04,baseline,none,1,http,1,http_total_ms,8.534999999999998,ms
2026-10-07T14:29:04,baseline,none,1,http,1,http_size,896.0,bytes
2026-10-07T14:29:04,baseline,none,1,http,2,http_success,1,bool
2026-10-07T14:29:04,baseline,none,1,http,2,http_connect_ms,0.867,ms
2026-10-07T14:29:04,baseline,none,1,http,2,http_total_ms,2.173,ms
2026-10-07T14:29:04,baseline,none,1,http,2,http_size,896.0,bytes
2026-10-07T14:29:04,baseline,none,1,http,3,http_success,1,bool
2026-10-07T14:29:04,baseline,none,1,http,3,http_connect_ms,0.844,ms
2026-10-07T14:29:04,baseline,none,1,http,3,http_total_ms,2.2430000000000003,ms
2026-10-07T14:29:04,baseline,none,1,http,3,http_size,896.0,bytes
2026-10-07T14:29:04,baseline,none,1,http,4,http_success,1,bool
2026-10-07T14:29:04,baseline,none,1,http,4,http_connect_ms,1.2080000000000002,ms
2026-10-07T14:29:04,baseline,none,1,http,4,http_total_ms,2.492,ms
2026-10-07T14:29:04,baseline,none,1,http,4,http_size,896.0,bytes
2026-10-07T14:29:04,baseline,none,1,http,5,http_success,1,bool
2026-10-07T14:29:04,baseline,none,1,http,5,http_connect_ms,0.867,ms
2026-10-07T14:29:04,baseline,none,1,http,5,http_total_ms,2.144,ms
2026-10-07T14:29:04,baseline,none,1,http,5,http_size,896.0,bytes
2026-10-07T14:29:04,baseline,none,1,http,6,http_success,1,bool
2026-10-07T14:29:04,baseline,none,1,http,6,http_connect_ms,0.856,ms
2026-10-07T14:29:04,baseline,none,1,http,6,http_total_ms,2.009,ms
2026-10-07T14:29:04,baseline,none,1,http,6,http_size,896.0,bytes
2026-10-07T14:29:04,baseline,none,1,http,7,http_success,1,bool
2026-10-07T14:29:04,baseline,none,1,http,7,http_connect_ms,0.857,ms
2026-10-07T14:29:04,baseline,none,1,http,7,http_total_ms,2.254,ms
2026-10-07T14:29:04,baseline,none,1,http,7,http_size,896.0,bytes
2026-10-07T14:29:04,baseline,none,1,http,8,http_success,1,bool
2026-10-07T14:29:04,baseline,none,1,http,8,http_connect_ms,0.8809999999999999,ms
2026-10-07T14:29:04,baseline,none,1,http,8,http_total_ms,2.17,ms
2026-10-07T14:29:04,baseline,none,1,http,8,http_size,896.0,bytes
2026-10-07T14:29:04,baseline,none,1,http,9,http_success,1,bool
2026-10-07T14:29:04,baseline,none,1,http,9,http_connect_ms,0.8180000000000001,ms
2026-10-07T14:29:04,baseline,none,1,http,9,http_total_ms,2.0140000000000002,ms
2026-10-07T14:29:04,baseline,none,1,http,9,http_size,896.0,bytes
2026-10-07T14:29:04,baseline,none,1,http,10,http_success,1,bool
2026-10-07T14:29:04,baseline,none,1,http,10,http_connect_ms,0.8490000000000001,ms
2026-10-07T14:29:04,baseline,none,1,http,10,http_total_ms,2.045,ms
2026-10-07T14:29:04,baseline,none,1,http,10,http_size,896.0,bytes
2026-10-07T14:29:04,baseline,none,1,http,11,http_success,1,bool
2026-10-07T14:29:04,baseline,none,1,http,11,http_connect_ms,0.8720000000000001,ms
2026-10-07T14:29:04,baseline,none,1,http,11,http_total_ms,2.039,ms
2026-10-07T14:29:04,baseline,none,1,http,11,http_size,896.0,bytes
2026-10-07T14:29:04,baseline,none,1,http,12,http_success,1,bool
2026-10-07T14:29:04,baseline,none,1,http,12,http_connect_ms,0.8899999999999999,ms
2026-10-07T14:29:04,baseline,none,1,http,12,http_total_ms,2.004,ms
2026-10-07T14:29:04,baseline,none,1,http,12,http_size,896.0,bytes
2026-10-07T14:29:04,baseline,none,1,http,13,http_success,1,bool
2026-10-07T14:29:04,baseline,none,1,http,13,http_connect_ms,1.008,ms
2026-10-07T14:29:04,baseline,none,1,http,13,http_total_ms,2.1679999999999997,ms
2026-10-07T14:29:04,baseline,none,1,http,13,http_size,896.0,bytes
2026-10-07T14:29:04,baseline,none,1,http,14,http_success,1,bool
2026-10-07T14:29:04,baseline,none,1,http,14,http_connect_ms,0.8400000000000001,ms
2026-10-07T14:29:04,baseline,none,1,http,14,http_total_ms,2.005,ms
2026-10-07T14:29:04,baseline,none,1,http,14,http_size,896.0,bytes
2026-10-07T14:29:04,baseline,none,1,http,15,http_success,1,bool
2026-10-07T14:29:04,baseline,none,1,http,15,http_connect_ms,0.837,ms
2026-10-07T14:29:04,baseline,none,1,http,15,http_total_ms,2.034,ms
2026-10-07T14:29:04,baseline,none,1,http,15,http_size,896.0,bytes
2026-10-07T14:29:04,baseline,none,1,http,16,http_success,1,bool
2026-10-07T14:29:04,baseline,none,1,http,16,http_connect_ms,0.852,ms
2026-10-07T14:29:04,baseline,none,1,http,16,http_total_ms,2.0860000000000003,ms
2026-10-07T14:29:04,baseline,none,1,http,16,http_size,896.0,bytes
2026-10-07T14:29:04,baseline,none,1,http,17,http_success,1,bool
2026-10-07T14:29:04,baseline,none,1,http,17,http_connect_ms,0.865,ms
2026-10-07T14:29:04,baseline,none,1,http,17,http_total_ms,2.092,ms
2026-10-07T14:29:04,baseline,none,1,http,17,http_size,896.0,bytes
2026-10-07T14:29:04,baseline,none,1,http,18,http_success,1,bool
2026-10-07T14:29:04,baseline,none,1,http,18,http_connect_ms,0.891,ms
2026-10-07T14:29:04,baseline,none,1,http,18,http_total_ms,2.074,ms
2026-10-07T14:29:04,baseline,none,1,http,18,http_size,896.0,bytes
2026-10-07T14:29:04,baseline,none,1,http,19,http_success,1,bool
2026-10-07T14:29:04,baseline,none,1,http,19,http_connect_ms,0.8140000000000001,ms
2026-10-07T14:29:04,baseline,none,1,http,19,http_total_ms,2.021,ms
2026-10-07T14:29:04,baseline,none,1,http,19,http_size,896.0,bytes
2026-10-07T14:29:04,baseline,none,1,http,20,http_success,1,bool
2026-10-07T14:29:04,baseline,none,1,http,20,http_connect_ms,0.8069999999999999,ms
2026-10-07T14:29:04,baseline,none,1,http,20,http_total_ms,1.9729999999999999,ms
2026-10-07T14:29:04,baseline,none,1,http,20,http_size,896.0,bytes
2026-10-07T14:29:37,baseline,none,2,icmp,1,packets_tx,50,count
2026-10-07T14:29:37,baseline,none,2,icmp,1,packets_rx,50,count
2026-10-07T14:29:37,baseline,none,2,icmp,1,loss_pct,0.0,%
2026-10-07T14:29:37,baseline,none,2,icmp,1,rtt_min,0.67,ms
2026-10-07T14:29:37,baseline,none,2,icmp,1,rtt_avg,3.165,ms
2026-10-07T14:29:37,baseline,none,2,icmp,1,rtt_max,5.314,ms
2026-10-07T14:29:37,baseline,none,2,icmp,1,rtt_mdev,0.947,ms
2026-10-07T14:29:37,baseline,none,2,tcp,1,sender_mbps,1058.1932604365986,Mbit/s
2026-10-07T14:29:37,baseline,none,2,tcp,1,receiver_mbps,1057.1268463315366,Mbit/s
2026-10-07T14:29:37,baseline,none,2,tcp,1,retransmits,1428,count
2026-10-07T14:29:37,baseline,none,2,tcp,1,bytes,1321421772,bytes
2026-10-07T14:29:37,baseline,none,2,udp,1,offered_mbps,10.0,Mbit/s
2026-10-07T14:29:37,baseline,none,2,udp,1,received_mbps,10.000074592488536,Mbit/s
2026-10-07T14:29:37,baseline,none,2,udp,1,loss_pct,0,%
2026-10-07T14:29:37,baseline,none,2,udp,1,jitter_ms,0.10443184730697563,ms
2026-10-07T14:29:37,baseline,none,2,udp,1,packets,9274,count
2026-10-07T14:29:37,baseline,none,2,http,1,http_success,1,bool
2026-10-07T14:29:37,baseline,none,2,http,1,http_connect_ms,1.088,ms
2026-10-07T14:29:37,baseline,none,2,http,1,http_total_ms,1.786,ms
2026-10-07T14:29:37,baseline,none,2,http,1,http_size,896.0,bytes
2026-10-07T14:29:37,baseline,none,2,http,2,http_success,1,bool
2026-10-07T14:29:37,baseline,none,2,http,2,http_connect_ms,0.8400000000000001,ms
2026-10-07T14:29:37,baseline,none,2,http,2,http_total_ms,1.439,ms
2026-10-07T14:29:37,baseline,none,2,http,2,http_size,896.0,bytes
2026-10-07T14:29:37,baseline,none,2,http,3,http_success,1,bool
2026-10-07T14:29:37,baseline,none,2,http,3,http_connect_ms,1.07,ms
2026-10-07T14:29:37,baseline,none,2,http,3,http_total_ms,1.66,ms
2026-10-07T14:29:37,baseline,none,2,http,3,http_size,896.0,bytes
2026-10-07T14:29:37,baseline,none,2,http,4,http_success,1,bool
2026-10-07T14:29:37,baseline,none,2,http,4,http_connect_ms,0.8400000000000001,ms
2026-10-07T14:29:37,baseline,none,2,http,4,http_total_ms,1.48,ms
2026-10-07T14:29:37,baseline,none,2,http,4,http_size,896.0,bytes
2026-10-07T14:29:37,baseline,none,2,http,5,http_success,1,bool
2026-10-07T14:29:37,baseline,none,2,http,5,http_connect_ms,0.856,ms
2026-10-07T14:29:37,baseline,none,2,http,5,http_total_ms,1.3940000000000001,ms
2026-10-07T14:29:37,baseline,none,2,http,5,http_size,896.0,bytes
2026-10-07T14:29:37,baseline,none,2,http,6,http_success,1,bool
2026-10-07T14:29:37,baseline,none,2,http,6,http_connect_ms,0.8180000000000001,ms
2026-10-07T14:29:37,baseline,none,2,http,6,http_total_ms,1.361,ms
2026-10-07T14:29:37,baseline,none,2,http,6,http_size,896.0,bytes
2026-10-07T14:29:37,baseline,none,2,http,7,http_success,1,bool
2026-10-07T14:29:37,baseline,none,2,http,7,http_connect_ms,0.9319999999999999,ms
2026-10-07T14:29:37,baseline,none,2,http,7,http_total_ms,1.478,ms
2026-10-07T14:29:37,baseline,none,2,http,7,http_size,896.0,bytes
2026-10-07T14:29:37,baseline,none,2,http,8,http_success,1,bool
2026-10-07T14:29:37,baseline,none,2,http,8,http_connect_ms,0.911,ms
2026-10-07T14:29:37,baseline,none,2,http,8,http_total_ms,1.461,ms
2026-10-07T14:29:37,baseline,none,2,http,8,http_size,896.0,bytes
2026-10-07T14:29:37,baseline,none,2,http,9,http_success,1,bool
2026-10-07T14:29:37,baseline,none,2,http,9,http_connect_ms,0.8310000000000001,ms
2026-10-07T14:29:37,baseline,none,2,http,9,http_total_ms,1.3780000000000001,ms
2026-10-07T14:29:37,baseline,none,2,http,9,http_size,896.0,bytes
2026-10-07T14:29:37,baseline,none,2,http,10,http_success,1,bool
2026-10-07T14:29:37,baseline,none,2,http,10,http_connect_ms,0.983,ms
2026-10-07T14:29:37,baseline,none,2,http,10,http_total_ms,1.57,ms
2026-10-07T14:29:37,baseline,none,2,http,10,http_size,896.0,bytes
2026-10-07T14:29:37,baseline,none,2,http,11,http_success,1,bool
2026-10-07T14:29:37,baseline,none,2,http,11,http_connect_ms,0.894,ms
2026-10-07T14:29:37,baseline,none,2,http,11,http_total_ms,1.4040000000000001,ms
2026-10-07T14:29:37,baseline,none,2,http,11,http_size,896.0,bytes
2026-10-07T14:29:37,baseline,none,2,http,12,http_success,1,bool
2026-10-07T14:29:37,baseline,none,2,http,12,http_connect_ms,0.8130000000000001,ms
2026-10-07T14:29:37,baseline,none,2,http,12,http_total_ms,1.369,ms
2026-10-07T14:29:37,baseline,none,2,http,12,http_size,896.0,bytes
2026-10-07T14:29:37,baseline,none,2,http,13,http_success,1,bool
2026-10-07T14:29:37,baseline,none,2,http,13,http_connect_ms,0.838,ms
2026-10-07T14:29:37,baseline,none,2,http,13,http_total_ms,1.355,ms
2026-10-07T14:29:37,baseline,none,2,http,13,http_size,896.0,bytes
2026-10-07T14:29:37,baseline,none,2,http,14,http_success,1,bool
2026-10-07T14:29:37,baseline,none,2,http,14,http_connect_ms,1.0250000000000001,ms
2026-10-07T14:29:37,baseline,none,2,http,14,http_total_ms,1.593,ms
2026-10-07T14:29:37,baseline,none,2,http,14,http_size,896.0,bytes
2026-10-07T14:29:37,baseline,none,2,http,15,http_success,1,bool
2026-10-07T14:29:37,baseline,none,2,http,15,http_connect_ms,0.9510000000000001,ms
2026-10-07T14:29:37,baseline,none,2,http,15,http_total_ms,1.518,ms
2026-10-07T14:29:37,baseline,none,2,http,15,http_size,896.0,bytes
2026-10-07T14:29:37,baseline,none,2,http,16,http_success,1,bool
2026-10-07T14:29:37,baseline,none,2,http,16,http_connect_ms,0.8310000000000001,ms
2026-10-07T14:29:37,baseline,none,2,http,16,http_total_ms,1.3840000000000001,ms
2026-10-07T14:29:37,baseline,none,2,http,16,http_size,896.0,bytes
2026-10-07T14:29:37,baseline,none,2,http,17,http_success,1,bool
2026-10-07T14:29:37,baseline,none,2,http,17,http_connect_ms,0.8630000000000001,ms
2026-10-07T14:29:37,baseline,none,2,http,17,http_total_ms,1.5130000000000001,ms
2026-10-07T14:29:37,baseline,none,2,http,17,http_size,896.0,bytes
2026-10-07T14:29:37,baseline,none,2,http,18,http_success,1,bool
2026-10-07T14:29:37,baseline,none,2,http,18,http_connect_ms,0.8989999999999999,ms
2026-10-07T14:29:37,baseline,none,2,http,18,http_total_ms,1.573,ms
2026-10-07T14:29:37,baseline,none,2,http,18,http_size,896.0,bytes
2026-10-07T14:29:37,baseline,none,2,http,19,http_success,1,bool
2026-10-07T14:29:37,baseline,none,2,http,19,http_connect_ms,0.969,ms
2026-10-07T14:29:37,baseline,none,2,http,19,http_total_ms,1.589,ms
2026-10-07T14:29:37,baseline,none,2,http,19,http_size,896.0,bytes
2026-10-07T14:29:37,baseline,none,2,http,20,http_success,1,bool
2026-10-07T14:29:37,baseline,none,2,http,20,http_connect_ms,1.0070000000000001,ms
2026-10-07T14:29:37,baseline,none,2,http,20,http_total_ms,1.5610000000000002,ms
2026-10-07T14:29:37,baseline,none,2,http,20,http_size,896.0,bytes
2026-10-07T14:30:10,baseline,none,3,icmp,1,packets_tx,50,count
2026-10-07T14:30:10,baseline,none,3,icmp,1,packets_rx,50,count
2026-10-07T14:30:10,baseline,none,3,icmp,1,loss_pct,0.0,%
2026-10-07T14:30:10,baseline,none,3,icmp,1,rtt_min,0.695,ms
2026-10-07T14:30:10,baseline,none,3,icmp,1,rtt_avg,3.106,ms
2026-10-07T14:30:10,baseline,none,3,icmp,1,rtt_max,4.8,ms
2026-10-07T14:30:10,baseline,none,3,icmp,1,rtt_mdev,1.028,ms
2026-10-07T14:30:10,baseline,none,3,tcp,1,sender_mbps,1057.683210218998,Mbit/s
2026-10-07T14:30:10,baseline,none,3,tcp,1,receiver_mbps,1056.6058061825813,Mbit/s
2026-10-07T14:30:10,baseline,none,3,tcp,1,retransmits,1408,count
2026-10-07T14:30:10,baseline,none,3,tcp,1,bytes,1320761220,bytes
2026-10-07T14:30:10,baseline,none,3,udp,1,offered_mbps,10.0,Mbit/s
2026-10-07T14:30:10,baseline,none,3,udp,1,received_mbps,10.000842888991519,Mbit/s
2026-10-07T14:30:10,baseline,none,3,udp,1,loss_pct,0,%
2026-10-07T14:30:10,baseline,none,3,udp,1,jitter_ms,0.05084474359322429,ms
2026-10-07T14:30:10,baseline,none,3,udp,1,packets,9275,count
2026-10-07T14:30:10,baseline,none,3,http,1,http_success,1,bool
2026-10-07T14:30:10,baseline,none,3,http,1,http_connect_ms,1.037,ms
2026-10-07T14:30:10,baseline,none,3,http,1,http_total_ms,1.9949999999999999,ms
2026-10-07T14:30:10,baseline,none,3,http,1,http_size,896.0,bytes
2026-10-07T14:30:10,baseline,none,3,http,2,http_success,1,bool
2026-10-07T14:30:10,baseline,none,3,http,2,http_connect_ms,0.911,ms
2026-10-07T14:30:10,baseline,none,3,http,2,http_total_ms,1.5150000000000001,ms
2026-10-07T14:30:10,baseline,none,3,http,2,http_size,896.0,bytes
2026-10-07T14:30:10,baseline,none,3,http,3,http_success,1,bool
2026-10-07T14:30:10,baseline,none,3,http,3,http_connect_ms,0.886,ms
2026-10-07T14:30:10,baseline,none,3,http,3,http_total_ms,1.5070000000000001,ms
2026-10-07T14:30:10,baseline,none,3,http,3,http_size,896.0,bytes
2026-10-07T14:30:10,baseline,none,3,http,4,http_success,1,bool
2026-10-07T14:30:10,baseline,none,3,http,4,http_connect_ms,0.8899999999999999,ms
2026-10-07T14:30:10,baseline,none,3,http,4,http_total_ms,1.471,ms
2026-10-07T14:30:10,baseline,none,3,http,4,http_size,896.0,bytes
2026-10-07T14:30:10,baseline,none,3,http,5,http_success,1,bool
2026-10-07T14:30:10,baseline,none,3,http,5,http_connect_ms,0.962,ms
2026-10-07T14:30:10,baseline,none,3,http,5,http_total_ms,1.582,ms
2026-10-07T14:30:10,baseline,none,3,http,5,http_size,896.0,bytes
2026-10-07T14:30:10,baseline,none,3,http,6,http_success,1,bool
2026-10-07T14:30:10,baseline,none,3,http,6,http_connect_ms,0.907,ms
2026-10-07T14:30:10,baseline,none,3,http,6,http_total_ms,1.5939999999999999,ms
2026-10-07T14:30:10,baseline,none,3,http,6,http_size,896.0,bytes
2026-10-07T14:30:10,baseline,none,3,http,7,http_success,1,bool
2026-10-07T14:30:10,baseline,none,3,http,7,http_connect_ms,0.906,ms
2026-10-07T14:30:10,baseline,none,3,http,7,http_total_ms,1.4809999999999999,ms
2026-10-07T14:30:10,baseline,none,3,http,7,http_size,896.0,bytes
2026-10-07T14:30:10,baseline,none,3,http,8,http_success,1,bool
2026-10-07T14:30:10,baseline,none,3,http,8,http_connect_ms,1.132,ms
2026-10-07T14:30:10,baseline,none,3,http,8,http_total_ms,1.684,ms
2026-10-07T14:30:10,baseline,none,3,http,8,http_size,896.0,bytes
2026-10-07T14:30:10,baseline,none,3,http,9,http_success,1,bool
2026-10-07T14:30:10,baseline,none,3,http,9,http_connect_ms,0.867,ms
2026-10-07T14:30:10,baseline,none,3,http,9,http_total_ms,1.496,ms
2026-10-07T14:30:10,baseline,none,3,http,9,http_size,896.0,bytes
2026-10-07T14:30:10,baseline,none,3,http,10,http_success,1,bool
2026-10-07T14:30:10,baseline,none,3,http,10,http_connect_ms,0.9859999999999999,ms
2026-10-07T14:30:10,baseline,none,3,http,10,http_total_ms,1.552,ms
2026-10-07T14:30:10,baseline,none,3,http,10,http_size,896.0,bytes
2026-10-07T14:30:10,baseline,none,3,http,11,http_success,1,bool
2026-10-07T14:30:10,baseline,none,3,http,11,http_connect_ms,0.921,ms
2026-10-07T14:30:10,baseline,none,3,http,11,http_total_ms,1.522,ms
2026-10-07T14:30:10,baseline,none,3,http,11,http_size,896.0,bytes
2026-10-07T14:30:10,baseline,none,3,http,12,http_success,1,bool
2026-10-07T14:30:10,baseline,none,3,http,12,http_connect_ms,0.9420000000000001,ms
2026-10-07T14:30:10,baseline,none,3,http,12,http_total_ms,1.52,ms
2026-10-07T14:30:10,baseline,none,3,http,12,http_size,896.0,bytes
2026-10-07T14:30:10,baseline,none,3,http,13,http_success,1,bool
2026-10-07T14:30:10,baseline,none,3,http,13,http_connect_ms,0.937,ms
2026-10-07T14:30:10,baseline,none,3,http,13,http_total_ms,1.539,ms
2026-10-07T14:30:10,baseline,none,3,http,13,http_size,896.0,bytes
2026-10-07T14:30:10,baseline,none,3,http,14,http_success,1,bool
2026-10-07T14:30:10,baseline,none,3,http,14,http_connect_ms,0.902,ms
2026-10-07T14:30:10,baseline,none,3,http,14,http_total_ms,1.5479999999999998,ms
2026-10-07T14:30:10,baseline,none,3,http,14,http_size,896.0,bytes
2026-10-07T14:30:10,baseline,none,3,http,15,http_success,1,bool
2026-10-07T14:30:10,baseline,none,3,http,15,http_connect_ms,0.9,ms
2026-10-07T14:30:10,baseline,none,3,http,15,http_total_ms,1.552,ms
2026-10-07T14:30:10,baseline,none,3,http,15,http_size,896.0,bytes
2026-10-07T14:30:10,baseline,none,3,http,16,http_success,1,bool
2026-10-07T14:30:10,baseline,none,3,http,16,http_connect_ms,0.876,ms
2026-10-07T14:30:10,baseline,none,3,http,16,http_total_ms,1.5130000000000001,ms
2026-10-07T14:30:10,baseline,none,3,http,16,http_size,896.0,bytes
2026-10-07T14:30:10,baseline,none,3,http,17,http_success,1,bool
2026-10-07T14:30:10,baseline,none,3,http,17,http_connect_ms,0.906,ms
2026-10-07T14:30:10,baseline,none,3,http,17,http_total_ms,1.553,ms
2026-10-07T14:30:10,baseline,none,3,http,17,http_size,896.0,bytes
2026-10-07T14:30:10,baseline,none,3,http,18,http_success,1,bool
2026-10-07T14:30:10,baseline,none,3,http,18,http_connect_ms,0.859,ms
2026-10-07T14:30:10,baseline,none,3,http,18,http_total_ms,1.4749999999999999,ms
2026-10-07T14:30:10,baseline,none,3,http,18,http_size,896.0,bytes
2026-10-07T14:30:10,baseline,none,3,http,19,http_success,1,bool
2026-10-07T14:30:10,baseline,none,3,http,19,http_connect_ms,1.002,ms
2026-10-07T14:30:10,baseline,none,3,http,19,http_total_ms,1.6,ms
2026-10-07T14:30:10,baseline,none,3,http,19,http_size,896.0,bytes
2026-10-07T14:30:10,baseline,none,3,http,20,http_success,1,bool
2026-10-07T14:30:10,baseline,none,3,http,20,http_connect_ms,0.9970000000000001,ms
2026-10-07T14:30:10,baseline,none,3,http,20,http_total_ms,1.583,ms
2026-10-07T14:30:10,baseline,none,3,http,20,http_size,896.0,bytes
2026-10-07T14:30:51,delay50ms,N3,1,icmp,1,packets_tx,50,count
2026-10-07T14:30:51,delay50ms,N3,1,icmp,1,packets_rx,50,count
2026-10-07T14:30:51,delay50ms,N3,1,icmp,1,loss_pct,0.0,%
2026-10-07T14:30:51,delay50ms,N3,1,icmp,1,rtt_min,51.893,ms
2026-10-07T14:30:51,delay50ms,N3,1,icmp,1,rtt_avg,53.593,ms
2026-10-07T14:30:51,delay50ms,N3,1,icmp,1,rtt_max,55.616,ms
2026-10-07T14:30:51,delay50ms,N3,1,icmp,1,rtt_mdev,0.933,ms
2026-10-07T14:30:51,delay50ms,N3,1,tcp,1,sender_mbps,23.883795269509907,Mbit/s
2026-10-07T14:30:51,delay50ms,N3,1,tcp,1,receiver_mbps,22.27027822664512,Mbit/s
2026-10-07T14:30:51,delay50ms,N3,1,tcp,1,retransmits,195,count
2026-10-07T14:30:51,delay50ms,N3,1,tcp,1,bytes,27839184,bytes
2026-10-07T14:30:51,delay50ms,N3,1,udp,1,offered_mbps,10.0,Mbit/s
2026-10-07T14:30:51,delay50ms,N3,1,udp,1,received_mbps,10.00071905215635,Mbit/s
2026-10-07T14:30:51,delay50ms,N3,1,udp,1,loss_pct,0,%
2026-10-07T14:30:51,delay50ms,N3,1,udp,1,jitter_ms,0.05896647350276046,ms
2026-10-07T14:30:51,delay50ms,N3,1,udp,1,packets,9322,count
2026-10-07T14:30:51,delay50ms,N3,1,http,1,http_success,1,bool
2026-10-07T14:30:51,delay50ms,N3,1,http,1,http_connect_ms,53.483999999999995,ms
2026-10-07T14:30:51,delay50ms,N3,1,http,1,http_total_ms,107.656,ms
2026-10-07T14:30:51,delay50ms,N3,1,http,1,http_size,896.0,bytes
2026-10-07T14:30:51,delay50ms,N3,1,http,2,http_success,1,bool
2026-10-07T14:30:51,delay50ms,N3,1,http,2,http_connect_ms,52.581,ms
2026-10-07T14:30:51,delay50ms,N3,1,http,2,http_total_ms,106.877,ms
2026-10-07T14:30:51,delay50ms,N3,1,http,2,http_size,896.0,bytes
2026-10-07T14:30:51,delay50ms,N3,1,http,3,http_success,1,bool
2026-10-07T14:30:51,delay50ms,N3,1,http,3,http_connect_ms,53.024,ms
2026-10-07T14:30:51,delay50ms,N3,1,http,3,http_total_ms,106.863,ms
2026-10-07T14:30:51,delay50ms,N3,1,http,3,http_size,896.0,bytes
2026-10-07T14:30:51,delay50ms,N3,1,http,4,http_success,1,bool
2026-10-07T14:30:51,delay50ms,N3,1,http,4,http_connect_ms,52.041999999999994,ms
2026-10-07T14:30:51,delay50ms,N3,1,http,4,http_total_ms,104.445,ms
2026-10-07T14:30:51,delay50ms,N3,1,http,4,http_size,896.0,bytes
2026-10-07T14:30:51,delay50ms,N3,1,http,5,http_success,1,bool
2026-10-07T14:30:51,delay50ms,N3,1,http,5,http_connect_ms,52.117999999999995,ms
2026-10-07T14:30:51,delay50ms,N3,1,http,5,http_total_ms,105.062,ms
2026-10-07T14:30:51,delay50ms,N3,1,http,5,http_size,896.0,bytes
2026-10-07T14:30:51,delay50ms,N3,1,http,6,http_success,1,bool
2026-10-07T14:30:51,delay50ms,N3,1,http,6,http_connect_ms,52.606,ms
2026-10-07T14:30:51,delay50ms,N3,1,http,6,http_total_ms,106.881,ms
2026-10-07T14:30:51,delay50ms,N3,1,http,6,http_size,896.0,bytes
2026-10-07T14:30:51,delay50ms,N3,1,http,7,http_success,1,bool
2026-10-07T14:30:51,delay50ms,N3,1,http,7,http_connect_ms,52.12,ms
2026-10-07T14:30:51,delay50ms,N3,1,http,7,http_total_ms,104.95500000000001,ms
2026-10-07T14:30:51,delay50ms,N3,1,http,7,http_size,896.0,bytes
2026-10-07T14:30:51,delay50ms,N3,1,http,8,http_success,1,bool
2026-10-07T14:30:51,delay50ms,N3,1,http,8,http_connect_ms,51.932,ms
2026-10-07T14:30:51,delay50ms,N3,1,http,8,http_total_ms,103.711,ms
2026-10-07T14:30:51,delay50ms,N3,1,http,8,http_size,896.0,bytes
2026-10-07T14:30:51,delay50ms,N3,1,http,9,http_success,1,bool
2026-10-07T14:30:51,delay50ms,N3,1,http,9,http_connect_ms,52.678999999999995,ms
2026-10-07T14:30:51,delay50ms,N3,1,http,9,http_total_ms,106.84,ms
2026-10-07T14:30:51,delay50ms,N3,1,http,9,http_size,896.0,bytes
2026-10-07T14:30:51,delay50ms,N3,1,http,10,http_success,1,bool
2026-10-07T14:30:51,delay50ms,N3,1,http,10,http_connect_ms,52.815,ms
2026-10-07T14:30:51,delay50ms,N3,1,http,10,http_total_ms,106.68900000000001,ms
2026-10-07T14:30:51,delay50ms,N3,1,http,10,http_size,896.0,bytes
2026-10-07T14:30:51,delay50ms,N3,1,http,11,http_success,1,bool
2026-10-07T14:30:51,delay50ms,N3,1,http,11,http_connect_ms,53.479,ms
2026-10-07T14:30:51,delay50ms,N3,1,http,11,http_total_ms,108.232,ms
2026-10-07T14:30:51,delay50ms,N3,1,http,11,http_size,896.0,bytes
2026-10-07T14:30:51,delay50ms,N3,1,http,12,http_success,1,bool
2026-10-07T14:30:51,delay50ms,N3,1,http,12,http_connect_ms,54.513,ms
2026-10-07T14:30:51,delay50ms,N3,1,http,12,http_total_ms,108.71799999999999,ms
2026-10-07T14:30:51,delay50ms,N3,1,http,12,http_size,896.0,bytes
2026-10-07T14:30:51,delay50ms,N3,1,http,13,http_success,1,bool
2026-10-07T14:30:51,delay50ms,N3,1,http,13,http_connect_ms,53.1,ms
2026-10-07T14:30:51,delay50ms,N3,1,http,13,http_total_ms,106.52499999999999,ms
2026-10-07T14:30:51,delay50ms,N3,1,http,13,http_size,896.0,bytes
2026-10-07T14:30:51,delay50ms,N3,1,http,14,http_success,1,bool
2026-10-07T14:30:51,delay50ms,N3,1,http,14,http_connect_ms,52.547999999999995,ms
2026-10-07T14:30:51,delay50ms,N3,1,http,14,http_total_ms,107.372,ms
2026-10-07T14:30:51,delay50ms,N3,1,http,14,http_size,896.0,bytes
2026-10-07T14:30:51,delay50ms,N3,1,http,15,http_success,1,bool
2026-10-07T14:30:51,delay50ms,N3,1,http,15,http_connect_ms,52.85,ms
2026-10-07T14:30:51,delay50ms,N3,1,http,15,http_total_ms,107.2,ms
2026-10-07T14:30:51,delay50ms,N3,1,http,15,http_size,896.0,bytes
2026-10-07T14:30:51,delay50ms,N3,1,http,16,http_success,1,bool
2026-10-07T14:30:51,delay50ms,N3,1,http,16,http_connect_ms,53.532999999999994,ms
2026-10-07T14:30:51,delay50ms,N3,1,http,16,http_total_ms,107.852,ms
2026-10-07T14:30:51,delay50ms,N3,1,http,16,http_size,896.0,bytes
2026-10-07T14:30:51,delay50ms,N3,1,http,17,http_success,1,bool
2026-10-07T14:30:51,delay50ms,N3,1,http,17,http_connect_ms,52.501,ms
2026-10-07T14:30:51,delay50ms,N3,1,http,17,http_total_ms,105.878,ms
2026-10-07T14:30:51,delay50ms,N3,1,http,17,http_size,896.0,bytes
2026-10-07T14:30:51,delay50ms,N3,1,http,18,http_success,1,bool
2026-10-07T14:30:51,delay50ms,N3,1,http,18,http_connect_ms,51.45099999999999,ms
2026-10-07T14:30:51,delay50ms,N3,1,http,18,http_total_ms,103.26599999999999,ms
2026-10-07T14:30:51,delay50ms,N3,1,http,18,http_size,896.0,bytes
2026-10-07T14:30:51,delay50ms,N3,1,http,19,http_success,1,bool
2026-10-07T14:30:51,delay50ms,N3,1,http,19,http_connect_ms,52.167,ms
2026-10-07T14:30:51,delay50ms,N3,1,http,19,http_total_ms,105.75,ms
2026-10-07T14:30:51,delay50ms,N3,1,http,19,http_size,896.0,bytes
2026-10-07T14:30:51,delay50ms,N3,1,http,20,http_success,1,bool
2026-10-07T14:30:51,delay50ms,N3,1,http,20,http_connect_ms,53.497,ms
2026-10-07T14:30:51,delay50ms,N3,1,http,20,http_total_ms,107.32700000000001,ms
2026-10-07T14:30:51,delay50ms,N3,1,http,20,http_size,896.0,bytes
2026-10-07T14:31:27,delay50ms,N3,2,icmp,1,packets_tx,50,count
2026-10-07T14:31:27,delay50ms,N3,2,icmp,1,packets_rx,50,count
2026-10-07T14:31:27,delay50ms,N3,2,icmp,1,loss_pct,0.0,%
2026-10-07T14:31:27,delay50ms,N3,2,icmp,1,rtt_min,51.387,ms
2026-10-07T14:31:27,delay50ms,N3,2,icmp,1,rtt_avg,53.696,ms
2026-10-07T14:31:27,delay50ms,N3,2,icmp,1,rtt_max,55.339,ms
2026-10-07T14:31:27,delay50ms,N3,2,icmp,1,rtt_mdev,0.907,ms
2026-10-07T14:31:27,delay50ms,N3,2,tcp,1,sender_mbps,25.5514265222651,Mbit/s
2026-10-07T14:31:27,delay50ms,N3,2,tcp,1,receiver_mbps,24.244765694068082,Mbit/s
2026-10-07T14:31:27,delay50ms,N3,2,tcp,1,retransmits,297,count
2026-10-07T14:31:27,delay50ms,N3,2,tcp,1,bytes,30306936,bytes
2026-10-07T14:31:27,delay50ms,N3,2,udp,1,offered_mbps,10.0,Mbit/s
2026-10-07T14:31:27,delay50ms,N3,2,udp,1,received_mbps,10.000086950647747,Mbit/s
2026-10-07T14:31:27,delay50ms,N3,2,udp,1,loss_pct,0,%
2026-10-07T14:31:27,delay50ms,N3,2,udp,1,jitter_ms,0.10023497244285445,ms
2026-10-07T14:31:27,delay50ms,N3,2,udp,1,packets,9321,count
2026-10-07T14:31:27,delay50ms,N3,2,http,1,http_success,1,bool
2026-10-07T14:31:27,delay50ms,N3,2,http,1,http_connect_ms,52.434000000000005,ms
2026-10-07T14:31:27,delay50ms,N3,2,http,1,http_total_ms,106.032,ms
2026-10-07T14:31:27,delay50ms,N3,2,http,1,http_size,896.0,bytes
2026-10-07T14:31:27,delay50ms,N3,2,http,2,http_success,1,bool
2026-10-07T14:31:27,delay50ms,N3,2,http,2,http_connect_ms,52.628,ms
2026-10-07T14:31:27,delay50ms,N3,2,http,2,http_total_ms,105.674,ms
2026-10-07T14:31:27,delay50ms,N3,2,http,2,http_size,896.0,bytes
2026-10-07T14:31:27,delay50ms,N3,2,http,3,http_success,1,bool
2026-10-07T14:31:27,delay50ms,N3,2,http,3,http_connect_ms,52.394999999999996,ms
2026-10-07T14:31:27,delay50ms,N3,2,http,3,http_total_ms,106.022,ms
2026-10-07T14:31:27,delay50ms,N3,2,http,3,http_size,896.0,bytes
2026-10-07T14:31:27,delay50ms,N3,2,http,4,http_success,1,bool
2026-10-07T14:31:27,delay50ms,N3,2,http,4,http_connect_ms,52.79,ms
2026-10-07T14:31:27,delay50ms,N3,2,http,4,http_total_ms,105.237,ms
2026-10-07T14:31:27,delay50ms,N3,2,http,4,http_size,896.0,bytes
2026-10-07T14:31:27,delay50ms,N3,2,http,5,http_success,1,bool
2026-10-07T14:31:27,delay50ms,N3,2,http,5,http_connect_ms,53.346,ms
2026-10-07T14:31:27,delay50ms,N3,2,http,5,http_total_ms,105.286,ms
2026-10-07T14:31:27,delay50ms,N3,2,http,5,http_size,896.0,bytes
2026-10-07T14:31:27,delay50ms,N3,2,http,6,http_success,1,bool
2026-10-07T14:31:27,delay50ms,N3,2,http,6,http_connect_ms,52.248000000000005,ms
2026-10-07T14:31:27,delay50ms,N3,2,http,6,http_total_ms,105.586,ms
2026-10-07T14:31:27,delay50ms,N3,2,http,6,http_size,896.0,bytes
2026-10-07T14:31:27,delay50ms,N3,2,http,7,http_success,1,bool
2026-10-07T14:31:27,delay50ms,N3,2,http,7,http_connect_ms,55.109,ms
2026-10-07T14:31:27,delay50ms,N3,2,http,7,http_total_ms,108.57,ms
2026-10-07T14:31:27,delay50ms,N3,2,http,7,http_size,896.0,bytes
2026-10-07T14:31:27,delay50ms,N3,2,http,8,http_success,1,bool
2026-10-07T14:31:27,delay50ms,N3,2,http,8,http_connect_ms,53.237,ms
2026-10-07T14:31:27,delay50ms,N3,2,http,8,http_total_ms,106.53,ms
2026-10-07T14:31:27,delay50ms,N3,2,http,8,http_size,896.0,bytes
2026-10-07T14:31:27,delay50ms,N3,2,http,9,http_success,1,bool
2026-10-07T14:31:27,delay50ms,N3,2,http,9,http_connect_ms,53.222,ms
2026-10-07T14:31:27,delay50ms,N3,2,http,9,http_total_ms,106.428,ms
2026-10-07T14:31:27,delay50ms,N3,2,http,9,http_size,896.0,bytes
2026-10-07T14:31:27,delay50ms,N3,2,http,10,http_success,1,bool
2026-10-07T14:31:27,delay50ms,N3,2,http,10,http_connect_ms,52.214999999999996,ms
2026-10-07T14:31:27,delay50ms,N3,2,http,10,http_total_ms,105.048,ms
2026-10-07T14:31:27,delay50ms,N3,2,http,10,http_size,896.0,bytes
2026-10-07T14:31:27,delay50ms,N3,2,http,11,http_success,1,bool
2026-10-07T14:31:27,delay50ms,N3,2,http,11,http_connect_ms,53.227,ms
2026-10-07T14:31:27,delay50ms,N3,2,http,11,http_total_ms,105.57600000000001,ms
2026-10-07T14:31:27,delay50ms,N3,2,http,11,http_size,896.0,bytes
2026-10-07T14:31:27,delay50ms,N3,2,http,12,http_success,1,bool
2026-10-07T14:31:27,delay50ms,N3,2,http,12,http_connect_ms,52.888999999999996,ms
2026-10-07T14:31:27,delay50ms,N3,2,http,12,http_total_ms,105.91000000000001,ms
2026-10-07T14:31:27,delay50ms,N3,2,http,12,http_size,896.0,bytes
2026-10-07T14:31:27,delay50ms,N3,2,http,13,http_success,1,bool
2026-10-07T14:31:27,delay50ms,N3,2,http,13,http_connect_ms,53.674,ms
2026-10-07T14:31:27,delay50ms,N3,2,http,13,http_total_ms,108.033,ms
2026-10-07T14:31:27,delay50ms,N3,2,http,13,http_size,896.0,bytes
2026-10-07T14:31:27,delay50ms,N3,2,http,14,http_success,1,bool
2026-10-07T14:31:27,delay50ms,N3,2,http,14,http_connect_ms,54.203,ms
2026-10-07T14:31:27,delay50ms,N3,2,http,14,http_total_ms,108.931,ms
2026-10-07T14:31:27,delay50ms,N3,2,http,14,http_size,896.0,bytes
2026-10-07T14:31:27,delay50ms,N3,2,http,15,http_success,1,bool
2026-10-07T14:31:27,delay50ms,N3,2,http,15,http_connect_ms,53.355,ms
2026-10-07T14:31:27,delay50ms,N3,2,http,15,http_total_ms,106.69099999999999,ms
2026-10-07T14:31:27,delay50ms,N3,2,http,15,http_size,896.0,bytes
2026-10-07T14:31:27,delay50ms,N3,2,http,16,http_success,1,bool
2026-10-07T14:31:27,delay50ms,N3,2,http,16,http_connect_ms,53.775999999999996,ms
2026-10-07T14:31:27,delay50ms,N3,2,http,16,http_total_ms,107.798,ms
2026-10-07T14:31:27,delay50ms,N3,2,http,16,http_size,896.0,bytes
2026-10-07T14:31:27,delay50ms,N3,2,http,17,http_success,1,bool
2026-10-07T14:31:27,delay50ms,N3,2,http,17,http_connect_ms,53.522,ms
2026-10-07T14:31:27,delay50ms,N3,2,http,17,http_total_ms,105.61800000000001,ms
2026-10-07T14:31:27,delay50ms,N3,2,http,17,http_size,896.0,bytes
2026-10-07T14:31:27,delay50ms,N3,2,http,18,http_success,1,bool
2026-10-07T14:31:27,delay50ms,N3,2,http,18,http_connect_ms,52.089999999999996,ms
2026-10-07T14:31:27,delay50ms,N3,2,http,18,http_total_ms,104.60300000000001,ms
2026-10-07T14:31:27,delay50ms,N3,2,http,18,http_size,896.0,bytes
2026-10-07T14:31:27,delay50ms,N3,2,http,19,http_success,1,bool
2026-10-07T14:31:27,delay50ms,N3,2,http,19,http_connect_ms,51.776999999999994,ms
2026-10-07T14:31:27,delay50ms,N3,2,http,19,http_total_ms,103.586,ms
2026-10-07T14:31:27,delay50ms,N3,2,http,19,http_size,896.0,bytes
2026-10-07T14:31:27,delay50ms,N3,2,http,20,http_success,1,bool
2026-10-07T14:31:27,delay50ms,N3,2,http,20,http_connect_ms,52.401,ms
2026-10-07T14:31:27,delay50ms,N3,2,http,20,http_total_ms,106.252,ms
2026-10-07T14:31:27,delay50ms,N3,2,http,20,http_size,896.0,bytes
2026-10-07T14:32:04,delay50ms,N3,3,icmp,1,packets_tx,50,count
2026-10-07T14:32:04,delay50ms,N3,3,icmp,1,packets_rx,50,count
2026-10-07T14:32:04,delay50ms,N3,3,icmp,1,loss_pct,0.0,%
2026-10-07T14:32:04,delay50ms,N3,3,icmp,1,rtt_min,51.244,ms
2026-10-07T14:32:04,delay50ms,N3,3,icmp,1,rtt_avg,53.766,ms
2026-10-07T14:32:04,delay50ms,N3,3,icmp,1,rtt_max,55.68,ms
2026-10-07T14:32:04,delay50ms,N3,3,icmp,1,rtt_mdev,0.923,ms
2026-10-07T14:32:04,delay50ms,N3,3,tcp,1,sender_mbps,26.284254055743983,Mbit/s
2026-10-07T14:32:04,delay50ms,N3,3,tcp,1,receiver_mbps,24.650285305042857,Mbit/s
2026-10-07T14:32:04,delay50ms,N3,3,tcp,1,retransmits,588,count
2026-10-07T14:32:04,delay50ms,N3,3,tcp,1,bytes,30813932,bytes
2026-10-07T14:32:04,delay50ms,N3,3,udp,1,offered_mbps,10.0,Mbit/s
2026-10-07T14:32:04,delay50ms,N3,3,udp,1,received_mbps,10.000841116948386,Mbit/s
2026-10-07T14:32:04,delay50ms,N3,3,udp,1,loss_pct,0,%
2026-10-07T14:32:04,delay50ms,N3,3,udp,1,jitter_ms,0.07697657900831674,ms
2026-10-07T14:32:04,delay50ms,N3,3,udp,1,packets,9321,count
2026-10-07T14:32:04,delay50ms,N3,3,http,1,http_success,1,bool
2026-10-07T14:32:04,delay50ms,N3,3,http,1,http_connect_ms,53.338,ms
2026-10-07T14:32:04,delay50ms,N3,3,http,1,http_total_ms,107.876,ms
2026-10-07T14:32:04,delay50ms,N3,3,http,1,http_size,896.0,bytes
2026-10-07T14:32:04,delay50ms,N3,3,http,2,http_success,1,bool
2026-10-07T14:32:04,delay50ms,N3,3,http,2,http_connect_ms,53.583,ms
2026-10-07T14:32:04,delay50ms,N3,3,http,2,http_total_ms,106.252,ms
2026-10-07T14:32:04,delay50ms,N3,3,http,2,http_size,896.0,bytes
2026-10-07T14:32:04,delay50ms,N3,3,http,3,http_success,1,bool
2026-10-07T14:32:04,delay50ms,N3,3,http,3,http_connect_ms,51.763999999999996,ms
2026-10-07T14:32:04,delay50ms,N3,3,http,3,http_total_ms,102.92800000000001,ms
2026-10-07T14:32:04,delay50ms,N3,3,http,3,http_size,896.0,bytes
2026-10-07T14:32:04,delay50ms,N3,3,http,4,http_success,1,bool
2026-10-07T14:32:04,delay50ms,N3,3,http,4,http_connect_ms,51.882999999999996,ms
2026-10-07T14:32:04,delay50ms,N3,3,http,4,http_total_ms,103.605,ms
2026-10-07T14:32:04,delay50ms,N3,3,http,4,http_size,896.0,bytes
2026-10-07T14:32:04,delay50ms,N3,3,http,5,http_success,1,bool
2026-10-07T14:32:04,delay50ms,N3,3,http,5,http_connect_ms,51.322,ms
2026-10-07T14:32:04,delay50ms,N3,3,http,5,http_total_ms,102.70400000000001,ms
2026-10-07T14:32:04,delay50ms,N3,3,http,5,http_size,896.0,bytes
2026-10-07T14:32:04,delay50ms,N3,3,http,6,http_success,1,bool
2026-10-07T14:32:04,delay50ms,N3,3,http,6,http_connect_ms,52.661,ms
2026-10-07T14:32:04,delay50ms,N3,3,http,6,http_total_ms,105.197,ms
2026-10-07T14:32:04,delay50ms,N3,3,http,6,http_size,896.0,bytes
2026-10-07T14:32:04,delay50ms,N3,3,http,7,http_success,1,bool
2026-10-07T14:32:04,delay50ms,N3,3,http,7,http_connect_ms,53.799,ms
2026-10-07T14:32:04,delay50ms,N3,3,http,7,http_total_ms,108.529,ms
2026-10-07T14:32:04,delay50ms,N3,3,http,7,http_size,896.0,bytes
2026-10-07T14:32:04,delay50ms,N3,3,http,8,http_success,1,bool
2026-10-07T14:32:04,delay50ms,N3,3,http,8,http_connect_ms,52.648,ms
2026-10-07T14:32:04,delay50ms,N3,3,http,8,http_total_ms,104.475,ms
2026-10-07T14:32:04,delay50ms,N3,3,http,8,http_size,896.0,bytes
2026-10-07T14:32:04,delay50ms,N3,3,http,9,http_success,1,bool
2026-10-07T14:32:04,delay50ms,N3,3,http,9,http_connect_ms,51.55,ms
2026-10-07T14:32:04,delay50ms,N3,3,http,9,http_total_ms,102.696,ms
2026-10-07T14:32:04,delay50ms,N3,3,http,9,http_size,896.0,bytes
2026-10-07T14:32:04,delay50ms,N3,3,http,10,http_success,1,bool
2026-10-07T14:32:04,delay50ms,N3,3,http,10,http_connect_ms,51.677,ms
2026-10-07T14:32:04,delay50ms,N3,3,http,10,http_total_ms,103.243,ms
2026-10-07T14:32:04,delay50ms,N3,3,http,10,http_size,896.0,bytes
2026-10-07T14:32:04,delay50ms,N3,3,http,11,http_success,1,bool
2026-10-07T14:32:04,delay50ms,N3,3,http,11,http_connect_ms,52.091,ms
2026-10-07T14:32:04,delay50ms,N3,3,http,11,http_total_ms,103.70100000000001,ms
2026-10-07T14:32:04,delay50ms,N3,3,http,11,http_size,896.0,bytes
2026-10-07T14:32:04,delay50ms,N3,3,http,12,http_success,1,bool
2026-10-07T14:32:04,delay50ms,N3,3,http,12,http_connect_ms,51.791,ms
2026-10-07T14:32:04,delay50ms,N3,3,http,12,http_total_ms,103.647,ms
2026-10-07T14:32:04,delay50ms,N3,3,http,12,http_size,896.0,bytes
2026-10-07T14:32:04,delay50ms,N3,3,http,13,http_success,1,bool
2026-10-07T14:32:04,delay50ms,N3,3,http,13,http_connect_ms,51.604,ms
2026-10-07T14:32:04,delay50ms,N3,3,http,13,http_total_ms,104.109,ms
2026-10-07T14:32:04,delay50ms,N3,3,http,13,http_size,896.0,bytes
2026-10-07T14:32:04,delay50ms,N3,3,http,14,http_success,1,bool
2026-10-07T14:32:04,delay50ms,N3,3,http,14,http_connect_ms,51.18000000000001,ms
2026-10-07T14:32:04,delay50ms,N3,3,http,14,http_total_ms,102.792,ms
2026-10-07T14:32:04,delay50ms,N3,3,http,14,http_size,896.0,bytes
2026-10-07T14:32:04,delay50ms,N3,3,http,15,http_success,1,bool
2026-10-07T14:32:04,delay50ms,N3,3,http,15,http_connect_ms,51.217,ms
2026-10-07T14:32:04,delay50ms,N3,3,http,15,http_total_ms,104.409,ms
2026-10-07T14:32:04,delay50ms,N3,3,http,15,http_size,896.0,bytes
2026-10-07T14:32:04,delay50ms,N3,3,http,16,http_success,1,bool
2026-10-07T14:32:04,delay50ms,N3,3,http,16,http_connect_ms,53.961,ms
2026-10-07T14:32:04,delay50ms,N3,3,http,16,http_total_ms,109.467,ms
2026-10-07T14:32:04,delay50ms,N3,3,http,16,http_size,896.0,bytes
2026-10-07T14:32:04,delay50ms,N3,3,http,17,http_success,1,bool
2026-10-07T14:32:04,delay50ms,N3,3,http,17,http_connect_ms,53.683,ms
2026-10-07T14:32:04,delay50ms,N3,3,http,17,http_total_ms,108.306,ms
2026-10-07T14:32:04,delay50ms,N3,3,http,17,http_size,896.0,bytes
2026-10-07T14:32:04,delay50ms,N3,3,http,18,http_success,1,bool
2026-10-07T14:32:04,delay50ms,N3,3,http,18,http_connect_ms,53.193999999999996,ms
2026-10-07T14:32:04,delay50ms,N3,3,http,18,http_total_ms,107.81,ms
2026-10-07T14:32:04,delay50ms,N3,3,http,18,http_size,896.0,bytes
2026-10-07T14:32:04,delay50ms,N3,3,http,19,http_success,1,bool
2026-10-07T14:32:04,delay50ms,N3,3,http,19,http_connect_ms,55.038,ms
2026-10-07T14:32:04,delay50ms,N3,3,http,19,http_total_ms,108.39,ms
2026-10-07T14:32:04,delay50ms,N3,3,http,19,http_size,896.0,bytes
2026-10-07T14:32:04,delay50ms,N3,3,http,20,http_success,1,bool
2026-10-07T14:32:04,delay50ms,N3,3,http,20,http_connect_ms,54.132,ms
2026-10-07T14:32:04,delay50ms,N3,3,http,20,http_total_ms,107.182,ms
2026-10-07T14:32:04,delay50ms,N3,3,http,20,http_size,896.0,bytes
2026-10-07T14:32:48,delay50ms,N6,1,icmp,1,packets_tx,50,count
2026-10-07T14:32:48,delay50ms,N6,1,icmp,1,packets_rx,50,count
2026-10-07T14:32:48,delay50ms,N6,1,icmp,1,loss_pct,0.0,%
2026-10-07T14:32:48,delay50ms,N6,1,icmp,1,rtt_min,50.908,ms
2026-10-07T14:32:48,delay50ms,N6,1,icmp,1,rtt_avg,53.862,ms
2026-10-07T14:32:48,delay50ms,N6,1,icmp,1,rtt_max,55.735,ms
2026-10-07T14:32:48,delay50ms,N6,1,icmp,1,rtt_mdev,1.011,ms
2026-10-07T14:32:48,delay50ms,N6,1,tcp,1,sender_mbps,157.2764242108914,Mbit/s
2026-10-07T14:32:48,delay50ms,N6,1,tcp,1,receiver_mbps,155.79461987485405,Mbit/s
2026-10-07T14:32:48,delay50ms,N6,1,tcp,1,retransmits,319,count
2026-10-07T14:32:48,delay50ms,N6,1,tcp,1,bytes,194749604,bytes
2026-10-07T14:32:48,delay50ms,N6,1,udp,1,offered_mbps,10.0,Mbit/s
2026-10-07T14:32:48,delay50ms,N6,1,udp,1,received_mbps,10.000252101350315,Mbit/s
2026-10-07T14:32:48,delay50ms,N6,1,udp,1,loss_pct,0,%
2026-10-07T14:32:48,delay50ms,N6,1,udp,1,jitter_ms,0.066265700352206,ms
2026-10-07T14:32:48,delay50ms,N6,1,udp,1,packets,9321,count
2026-10-07T14:32:48,delay50ms,N6,1,http,1,http_success,1,bool
2026-10-07T14:32:48,delay50ms,N6,1,http,1,http_connect_ms,52.763999999999996,ms
2026-10-07T14:32:48,delay50ms,N6,1,http,1,http_total_ms,105.207,ms
2026-10-07T14:32:48,delay50ms,N6,1,http,1,http_size,896.0,bytes
2026-10-07T14:32:48,delay50ms,N6,1,http,2,http_success,1,bool
2026-10-07T14:32:48,delay50ms,N6,1,http,2,http_connect_ms,52.290000000000006,ms
2026-10-07T14:32:48,delay50ms,N6,1,http,2,http_total_ms,104.702,ms
2026-10-07T14:32:48,delay50ms,N6,1,http,2,http_size,896.0,bytes
2026-10-07T14:32:48,delay50ms,N6,1,http,3,http_success,1,bool
2026-10-07T14:32:48,delay50ms,N6,1,http,3,http_connect_ms,52.949999999999996,ms
2026-10-07T14:32:48,delay50ms,N6,1,http,3,http_total_ms,104.143,ms
2026-10-07T14:32:48,delay50ms,N6,1,http,3,http_size,896.0,bytes
2026-10-07T14:32:48,delay50ms,N6,1,http,4,http_success,1,bool
2026-10-07T14:32:48,delay50ms,N6,1,http,4,http_connect_ms,51.318999999999996,ms
2026-10-07T14:32:48,delay50ms,N6,1,http,4,http_total_ms,102.629,ms
2026-10-07T14:32:48,delay50ms,N6,1,http,4,http_size,896.0,bytes
2026-10-07T14:32:48,delay50ms,N6,1,http,5,http_success,1,bool
2026-10-07T14:32:48,delay50ms,N6,1,http,5,http_connect_ms,52.647,ms
2026-10-07T14:32:48,delay50ms,N6,1,http,5,http_total_ms,105.582,ms
2026-10-07T14:32:48,delay50ms,N6,1,http,5,http_size,896.0,bytes
2026-10-07T14:32:48,delay50ms,N6,1,http,6,http_success,1,bool
2026-10-07T14:32:48,delay50ms,N6,1,http,6,http_connect_ms,52.943999999999996,ms
2026-10-07T14:32:48,delay50ms,N6,1,http,6,http_total_ms,106.729,ms
2026-10-07T14:32:48,delay50ms,N6,1,http,6,http_size,896.0,bytes
2026-10-07T14:32:48,delay50ms,N6,1,http,7,http_success,1,bool
2026-10-07T14:32:48,delay50ms,N6,1,http,7,http_connect_ms,52.507999999999996,ms
2026-10-07T14:32:48,delay50ms,N6,1,http,7,http_total_ms,104.57900000000001,ms
2026-10-07T14:32:48,delay50ms,N6,1,http,7,http_size,896.0,bytes
2026-10-07T14:32:48,delay50ms,N6,1,http,8,http_success,1,bool
2026-10-07T14:32:48,delay50ms,N6,1,http,8,http_connect_ms,52.966,ms
2026-10-07T14:32:48,delay50ms,N6,1,http,8,http_total_ms,105.48599999999999,ms
2026-10-07T14:32:48,delay50ms,N6,1,http,8,http_size,896.0,bytes
2026-10-07T14:32:48,delay50ms,N6,1,http,9,http_success,1,bool
2026-10-07T14:32:48,delay50ms,N6,1,http,9,http_connect_ms,52.471,ms
2026-10-07T14:32:48,delay50ms,N6,1,http,9,http_total_ms,106.23,ms
2026-10-07T14:32:48,delay50ms,N6,1,http,9,http_size,896.0,bytes
2026-10-07T14:32:48,delay50ms,N6,1,http,10,http_success,1,bool
2026-10-07T14:32:48,delay50ms,N6,1,http,10,http_connect_ms,52.937,ms
2026-10-07T14:32:48,delay50ms,N6,1,http,10,http_total_ms,106.599,ms
2026-10-07T14:32:48,delay50ms,N6,1,http,10,http_size,896.0,bytes
2026-10-07T14:32:48,delay50ms,N6,1,http,11,http_success,1,bool
2026-10-07T14:32:48,delay50ms,N6,1,http,11,http_connect_ms,52.621,ms
2026-10-07T14:32:48,delay50ms,N6,1,http,11,http_total_ms,106.693,ms
2026-10-07T14:32:48,delay50ms,N6,1,http,11,http_size,896.0,bytes
2026-10-07T14:32:48,delay50ms,N6,1,http,12,http_success,1,bool
2026-10-07T14:32:48,delay50ms,N6,1,http,12,http_connect_ms,52.552,ms
2026-10-07T14:32:48,delay50ms,N6,1,http,12,http_total_ms,105.073,ms
2026-10-07T14:32:48,delay50ms,N6,1,http,12,http_size,896.0,bytes
2026-10-07T14:32:48,delay50ms,N6,1,http,13,http_success,1,bool
2026-10-07T14:32:48,delay50ms,N6,1,http,13,http_connect_ms,52.23,ms
2026-10-07T14:32:48,delay50ms,N6,1,http,13,http_total_ms,104.149,ms
2026-10-07T14:32:48,delay50ms,N6,1,http,13,http_size,896.0,bytes
2026-10-07T14:32:48,delay50ms,N6,1,http,14,http_success,1,bool
2026-10-07T14:32:48,delay50ms,N6,1,http,14,http_connect_ms,52.214999999999996,ms
2026-10-07T14:32:48,delay50ms,N6,1,http,14,http_total_ms,106.39800000000001,ms
2026-10-07T14:32:48,delay50ms,N6,1,http,14,http_size,896.0,bytes
2026-10-07T14:32:48,delay50ms,N6,1,http,15,http_success,1,bool
2026-10-07T14:32:48,delay50ms,N6,1,http,15,http_connect_ms,53.703,ms
2026-10-07T14:32:48,delay50ms,N6,1,http,15,http_total_ms,108.095,ms
2026-10-07T14:32:48,delay50ms,N6,1,http,15,http_size,896.0,bytes
2026-10-07T14:32:48,delay50ms,N6,1,http,16,http_success,1,bool
2026-10-07T14:32:48,delay50ms,N6,1,http,16,http_connect_ms,54.619,ms
2026-10-07T14:32:48,delay50ms,N6,1,http,16,http_total_ms,108.879,ms
2026-10-07T14:32:48,delay50ms,N6,1,http,16,http_size,896.0,bytes
2026-10-07T14:32:48,delay50ms,N6,1,http,17,http_success,1,bool
2026-10-07T14:32:48,delay50ms,N6,1,http,17,http_connect_ms,52.406,ms
2026-10-07T14:32:48,delay50ms,N6,1,http,17,http_total_ms,105.979,ms
2026-10-07T14:32:48,delay50ms,N6,1,http,17,http_size,896.0,bytes
2026-10-07T14:32:48,delay50ms,N6,1,http,18,http_success,1,bool
2026-10-07T14:32:48,delay50ms,N6,1,http,18,http_connect_ms,54.464,ms
2026-10-07T14:32:48,delay50ms,N6,1,http,18,http_total_ms,108.41499999999999,ms
2026-10-07T14:32:48,delay50ms,N6,1,http,18,http_size,896.0,bytes
2026-10-07T14:32:48,delay50ms,N6,1,http,19,http_success,1,bool
2026-10-07T14:32:48,delay50ms,N6,1,http,19,http_connect_ms,54.031000000000006,ms
2026-10-07T14:32:48,delay50ms,N6,1,http,19,http_total_ms,107.813,ms
2026-10-07T14:32:48,delay50ms,N6,1,http,19,http_size,896.0,bytes
2026-10-07T14:32:48,delay50ms,N6,1,http,20,http_success,1,bool
2026-10-07T14:32:48,delay50ms,N6,1,http,20,http_connect_ms,53.942,ms
2026-10-07T14:32:48,delay50ms,N6,1,http,20,http_total_ms,107.992,ms
2026-10-07T14:32:48,delay50ms,N6,1,http,20,http_size,896.0,bytes
2026-10-07T14:33:24,delay50ms,N6,2,icmp,1,packets_tx,50,count
2026-10-07T14:33:24,delay50ms,N6,2,icmp,1,packets_rx,50,count
2026-10-07T14:33:24,delay50ms,N6,2,icmp,1,loss_pct,0.0,%
2026-10-07T14:33:24,delay50ms,N6,2,icmp,1,rtt_min,51.591,ms
2026-10-07T14:33:24,delay50ms,N6,2,icmp,1,rtt_avg,53.761,ms
2026-10-07T14:33:24,delay50ms,N6,2,icmp,1,rtt_max,55.318,ms
2026-10-07T14:33:24,delay50ms,N6,2,icmp,1,rtt_mdev,0.794,ms
2026-10-07T14:33:24,delay50ms,N6,2,tcp,1,sender_mbps,157.6094681172244,Mbit/s
2026-10-07T14:33:24,delay50ms,N6,2,tcp,1,receiver_mbps,156.2131199605766,Mbit/s
2026-10-07T14:33:24,delay50ms,N6,2,tcp,1,retransmits,551,count
2026-10-07T14:33:24,delay50ms,N6,2,tcp,1,bytes,195269368,bytes
2026-10-07T14:33:24,delay50ms,N6,2,udp,1,offered_mbps,10.0,Mbit/s
2026-10-07T14:33:24,delay50ms,N6,2,udp,1,received_mbps,10.000039197244416,Mbit/s
2026-10-07T14:33:24,delay50ms,N6,2,udp,1,loss_pct,0,%
2026-10-07T14:33:24,delay50ms,N6,2,udp,1,jitter_ms,0.0521532208428744,ms
2026-10-07T14:33:24,delay50ms,N6,2,udp,1,packets,9321,count
2026-10-07T14:33:24,delay50ms,N6,2,http,1,http_success,1,bool
2026-10-07T14:33:24,delay50ms,N6,2,http,1,http_connect_ms,52.655,ms
2026-10-07T14:33:24,delay50ms,N6,2,http,1,http_total_ms,105.154,ms
2026-10-07T14:33:24,delay50ms,N6,2,http,1,http_size,896.0,bytes
2026-10-07T14:33:24,delay50ms,N6,2,http,2,http_success,1,bool
2026-10-07T14:33:24,delay50ms,N6,2,http,2,http_connect_ms,53.013999999999996,ms
2026-10-07T14:33:24,delay50ms,N6,2,http,2,http_total_ms,107.006,ms
2026-10-07T14:33:24,delay50ms,N6,2,http,2,http_size,896.0,bytes
2026-10-07T14:33:24,delay50ms,N6,2,http,3,http_success,1,bool
2026-10-07T14:33:24,delay50ms,N6,2,http,3,http_connect_ms,54.101000000000006,ms
2026-10-07T14:33:24,delay50ms,N6,2,http,3,http_total_ms,108.32,ms
2026-10-07T14:33:24,delay50ms,N6,2,http,3,http_size,896.0,bytes
2026-10-07T14:33:24,delay50ms,N6,2,http,4,http_success,1,bool
2026-10-07T14:33:24,delay50ms,N6,2,http,4,http_connect_ms,52.676,ms
2026-10-07T14:33:24,delay50ms,N6,2,http,4,http_total_ms,105.906,ms
2026-10-07T14:33:24,delay50ms,N6,2,http,4,http_size,896.0,bytes
2026-10-07T14:33:24,delay50ms,N6,2,http,5,http_success,1,bool
2026-10-07T14:33:24,delay50ms,N6,2,http,5,http_connect_ms,52.443,ms
2026-10-07T14:33:24,delay50ms,N6,2,http,5,http_total_ms,104.59,ms
2026-10-07T14:33:24,delay50ms,N6,2,http,5,http_size,896.0,bytes
2026-10-07T14:33:24,delay50ms,N6,2,http,6,http_success,1,bool
2026-10-07T14:33:24,delay50ms,N6,2,http,6,http_connect_ms,53.211,ms
2026-10-07T14:33:24,delay50ms,N6,2,http,6,http_total_ms,107.987,ms
2026-10-07T14:33:24,delay50ms,N6,2,http,6,http_size,896.0,bytes
2026-10-07T14:33:24,delay50ms,N6,2,http,7,http_success,1,bool
2026-10-07T14:33:24,delay50ms,N6,2,http,7,http_connect_ms,53.257,ms
2026-10-07T14:33:24,delay50ms,N6,2,http,7,http_total_ms,107.294,ms
2026-10-07T14:33:24,delay50ms,N6,2,http,7,http_size,896.0,bytes
2026-10-07T14:33:24,delay50ms,N6,2,http,8,http_success,1,bool
2026-10-07T14:33:24,delay50ms,N6,2,http,8,http_connect_ms,53.691,ms
2026-10-07T14:33:24,delay50ms,N6,2,http,8,http_total_ms,107.154,ms
2026-10-07T14:33:24,delay50ms,N6,2,http,8,http_size,896.0,bytes
2026-10-07T14:33:24,delay50ms,N6,2,http,9,http_success,1,bool
2026-10-07T14:33:24,delay50ms,N6,2,http,9,http_connect_ms,53.802,ms
2026-10-07T14:33:24,delay50ms,N6,2,http,9,http_total_ms,107.33,ms
2026-10-07T14:33:24,delay50ms,N6,2,http,9,http_size,896.0,bytes
2026-10-07T14:33:24,delay50ms,N6,2,http,10,http_success,1,bool
2026-10-07T14:33:24,delay50ms,N6,2,http,10,http_connect_ms,54.492,ms
2026-10-07T14:33:24,delay50ms,N6,2,http,10,http_total_ms,109.61999999999999,ms
2026-10-07T14:33:24,delay50ms,N6,2,http,10,http_size,896.0,bytes
2026-10-07T14:33:24,delay50ms,N6,2,http,11,http_success,1,bool
2026-10-07T14:33:24,delay50ms,N6,2,http,11,http_connect_ms,53.619,ms
2026-10-07T14:33:24,delay50ms,N6,2,http,11,http_total_ms,107.384,ms
2026-10-07T14:33:24,delay50ms,N6,2,http,11,http_size,896.0,bytes
2026-10-07T14:33:24,delay50ms,N6,2,http,12,http_success,1,bool
2026-10-07T14:33:24,delay50ms,N6,2,http,12,http_connect_ms,53.391,ms
2026-10-07T14:33:24,delay50ms,N6,2,http,12,http_total_ms,107.193,ms
2026-10-07T14:33:24,delay50ms,N6,2,http,12,http_size,896.0,bytes
2026-10-07T14:33:24,delay50ms,N6,2,http,13,http_success,1,bool
2026-10-07T14:33:24,delay50ms,N6,2,http,13,http_connect_ms,54.864999999999995,ms
2026-10-07T14:33:24,delay50ms,N6,2,http,13,http_total_ms,109.22500000000001,ms
2026-10-07T14:33:24,delay50ms,N6,2,http,13,http_size,896.0,bytes
2026-10-07T14:33:24,delay50ms,N6,2,http,14,http_success,1,bool
2026-10-07T14:33:24,delay50ms,N6,2,http,14,http_connect_ms,52.589,ms
2026-10-07T14:33:24,delay50ms,N6,2,http,14,http_total_ms,106.738,ms
2026-10-07T14:33:24,delay50ms,N6,2,http,14,http_size,896.0,bytes
2026-10-07T14:33:24,delay50ms,N6,2,http,15,http_success,1,bool
2026-10-07T14:33:24,delay50ms,N6,2,http,15,http_connect_ms,53.419000000000004,ms
2026-10-07T14:33:24,delay50ms,N6,2,http,15,http_total_ms,107.916,ms
2026-10-07T14:33:24,delay50ms,N6,2,http,15,http_size,896.0,bytes
2026-10-07T14:33:24,delay50ms,N6,2,http,16,http_success,1,bool
2026-10-07T14:33:24,delay50ms,N6,2,http,16,http_connect_ms,53.616,ms
2026-10-07T14:33:24,delay50ms,N6,2,http,16,http_total_ms,108.196,ms
2026-10-07T14:33:24,delay50ms,N6,2,http,16,http_size,896.0,bytes
2026-10-07T14:33:24,delay50ms,N6,2,http,17,http_success,1,bool
2026-10-07T14:33:24,delay50ms,N6,2,http,17,http_connect_ms,53.943999999999996,ms
2026-10-07T14:33:24,delay50ms,N6,2,http,17,http_total_ms,107.09,ms
2026-10-07T14:33:24,delay50ms,N6,2,http,17,http_size,896.0,bytes
2026-10-07T14:33:24,delay50ms,N6,2,http,18,http_success,1,bool
2026-10-07T14:33:24,delay50ms,N6,2,http,18,http_connect_ms,53.996,ms
2026-10-07T14:33:24,delay50ms,N6,2,http,18,http_total_ms,107.74000000000001,ms
2026-10-07T14:33:24,delay50ms,N6,2,http,18,http_size,896.0,bytes
2026-10-07T14:33:24,delay50ms,N6,2,http,19,http_success,1,bool
2026-10-07T14:33:24,delay50ms,N6,2,http,19,http_connect_ms,53.445,ms
2026-10-07T14:33:24,delay50ms,N6,2,http,19,http_total_ms,106.094,ms
2026-10-07T14:33:24,delay50ms,N6,2,http,19,http_size,896.0,bytes
2026-10-07T14:33:24,delay50ms,N6,2,http,20,http_success,1,bool
2026-10-07T14:33:24,delay50ms,N6,2,http,20,http_connect_ms,52.913000000000004,ms
2026-10-07T14:33:24,delay50ms,N6,2,http,20,http_total_ms,105.641,ms
2026-10-07T14:33:24,delay50ms,N6,2,http,20,http_size,896.0,bytes
2026-10-07T14:34:01,delay50ms,N6,3,icmp,1,packets_tx,50,count
2026-10-07T14:34:01,delay50ms,N6,3,icmp,1,packets_rx,50,count
2026-10-07T14:34:01,delay50ms,N6,3,icmp,1,loss_pct,0.0,%
2026-10-07T14:34:01,delay50ms,N6,3,icmp,1,rtt_min,52.159,ms
2026-10-07T14:34:01,delay50ms,N6,3,icmp,1,rtt_avg,54.049,ms
2026-10-07T14:34:01,delay50ms,N6,3,icmp,1,rtt_max,55.653,ms
2026-10-07T14:34:01,delay50ms,N6,3,icmp,1,rtt_mdev,0.87,ms
2026-10-07T14:34:01,delay50ms,N6,3,tcp,1,sender_mbps,80.0047064295904,Mbit/s
2026-10-07T14:34:01,delay50ms,N6,3,tcp,1,receiver_mbps,79.13974358807697,Mbit/s
2026-10-07T14:34:01,delay50ms,N6,3,tcp,1,retransmits,275,count
2026-10-07T14:34:01,delay50ms,N6,3,tcp,1,bytes,98927024,bytes
2026-10-07T14:34:01,delay50ms,N6,3,udp,1,offered_mbps,10.0,Mbit/s
2026-10-07T14:34:01,delay50ms,N6,3,udp,1,received_mbps,9.999967567994544,Mbit/s
2026-10-07T14:34:01,delay50ms,N6,3,udp,1,loss_pct,0,%
2026-10-07T14:34:01,delay50ms,N6,3,udp,1,jitter_ms,0.03985096489568224,ms
2026-10-07T14:34:01,delay50ms,N6,3,udp,1,packets,9321,count
2026-10-07T14:34:01,delay50ms,N6,3,http,1,http_success,1,bool
2026-10-07T14:34:01,delay50ms,N6,3,http,1,http_connect_ms,52.69,ms
2026-10-07T14:34:01,delay50ms,N6,3,http,1,http_total_ms,105.723,ms
2026-10-07T14:34:01,delay50ms,N6,3,http,1,http_size,896.0,bytes
2026-10-07T14:34:01,delay50ms,N6,3,http,2,http_success,1,bool
2026-10-07T14:34:01,delay50ms,N6,3,http,2,http_connect_ms,52.714999999999996,ms
2026-10-07T14:34:01,delay50ms,N6,3,http,2,http_total_ms,104.99600000000001,ms
2026-10-07T14:34:01,delay50ms,N6,3,http,2,http_size,896.0,bytes
2026-10-07T14:34:01,delay50ms,N6,3,http,3,http_success,1,bool
2026-10-07T14:34:01,delay50ms,N6,3,http,3,http_connect_ms,53.036,ms
2026-10-07T14:34:01,delay50ms,N6,3,http,3,http_total_ms,107.271,ms
2026-10-07T14:34:01,delay50ms,N6,3,http,3,http_size,896.0,bytes
2026-10-07T14:34:01,delay50ms,N6,3,http,4,http_success,1,bool
2026-10-07T14:34:01,delay50ms,N6,3,http,4,http_connect_ms,53.664,ms
2026-10-07T14:34:01,delay50ms,N6,3,http,4,http_total_ms,107.971,ms
2026-10-07T14:34:01,delay50ms,N6,3,http,4,http_size,896.0,bytes
2026-10-07T14:34:01,delay50ms,N6,3,http,5,http_success,1,bool
2026-10-07T14:34:01,delay50ms,N6,3,http,5,http_connect_ms,53.485,ms
2026-10-07T14:34:01,delay50ms,N6,3,http,5,http_total_ms,105.446,ms
2026-10-07T14:34:01,delay50ms,N6,3,http,5,http_size,896.0,bytes
2026-10-07T14:34:01,delay50ms,N6,3,http,6,http_success,1,bool
2026-10-07T14:34:01,delay50ms,N6,3,http,6,http_connect_ms,51.554,ms
2026-10-07T14:34:01,delay50ms,N6,3,http,6,http_total_ms,103.64099999999999,ms
2026-10-07T14:34:01,delay50ms,N6,3,http,6,http_size,896.0,bytes
2026-10-07T14:34:01,delay50ms,N6,3,http,7,http_success,1,bool
2026-10-07T14:34:01,delay50ms,N6,3,http,7,http_connect_ms,51.632,ms
2026-10-07T14:34:01,delay50ms,N6,3,http,7,http_total_ms,105.582,ms
2026-10-07T14:34:01,delay50ms,N6,3,http,7,http_size,896.0,bytes
2026-10-07T14:34:01,delay50ms,N6,3,http,8,http_success,1,bool
2026-10-07T14:34:01,delay50ms,N6,3,http,8,http_connect_ms,54.426,ms
2026-10-07T14:34:01,delay50ms,N6,3,http,8,http_total_ms,108.88499999999999,ms
2026-10-07T14:34:01,delay50ms,N6,3,http,8,http_size,896.0,bytes
2026-10-07T14:34:01,delay50ms,N6,3,http,9,http_success,1,bool
2026-10-07T14:34:01,delay50ms,N6,3,http,9,http_connect_ms,53.774,ms
2026-10-07T14:34:01,delay50ms,N6,3,http,9,http_total_ms,109.337,ms
2026-10-07T14:34:01,delay50ms,N6,3,http,9,http_size,896.0,bytes
2026-10-07T14:34:01,delay50ms,N6,3,http,10,http_success,1,bool
2026-10-07T14:34:01,delay50ms,N6,3,http,10,http_connect_ms,53.652,ms
2026-10-07T14:34:01,delay50ms,N6,3,http,10,http_total_ms,108.53500000000001,ms
2026-10-07T14:34:01,delay50ms,N6,3,http,10,http_size,896.0,bytes
2026-10-07T14:34:01,delay50ms,N6,3,http,11,http_success,1,bool
2026-10-07T14:34:01,delay50ms,N6,3,http,11,http_connect_ms,53.333999999999996,ms
2026-10-07T14:34:01,delay50ms,N6,3,http,11,http_total_ms,108.028,ms
2026-10-07T14:34:01,delay50ms,N6,3,http,11,http_size,896.0,bytes
2026-10-07T14:34:01,delay50ms,N6,3,http,12,http_success,1,bool
2026-10-07T14:34:01,delay50ms,N6,3,http,12,http_connect_ms,52.534,ms
2026-10-07T14:34:01,delay50ms,N6,3,http,12,http_total_ms,105.59599999999999,ms
2026-10-07T14:34:01,delay50ms,N6,3,http,12,http_size,896.0,bytes
2026-10-07T14:34:01,delay50ms,N6,3,http,13,http_success,1,bool
2026-10-07T14:34:01,delay50ms,N6,3,http,13,http_connect_ms,53.54,ms
2026-10-07T14:34:01,delay50ms,N6,3,http,13,http_total_ms,108.141,ms
2026-10-07T14:34:01,delay50ms,N6,3,http,13,http_size,896.0,bytes
2026-10-07T14:34:01,delay50ms,N6,3,http,14,http_success,1,bool
2026-10-07T14:34:01,delay50ms,N6,3,http,14,http_connect_ms,53.754999999999995,ms
2026-10-07T14:34:01,delay50ms,N6,3,http,14,http_total_ms,107.651,ms
2026-10-07T14:34:01,delay50ms,N6,3,http,14,http_size,896.0,bytes
2026-10-07T14:34:01,delay50ms,N6,3,http,15,http_success,1,bool
2026-10-07T14:34:01,delay50ms,N6,3,http,15,http_connect_ms,53.244,ms
2026-10-07T14:34:01,delay50ms,N6,3,http,15,http_total_ms,107.631,ms
2026-10-07T14:34:01,delay50ms,N6,3,http,15,http_size,896.0,bytes
2026-10-07T14:34:01,delay50ms,N6,3,http,16,http_success,1,bool
2026-10-07T14:34:01,delay50ms,N6,3,http,16,http_connect_ms,52.485,ms
2026-10-07T14:34:01,delay50ms,N6,3,http,16,http_total_ms,107.004,ms
2026-10-07T14:34:01,delay50ms,N6,3,http,16,http_size,896.0,bytes
2026-10-07T14:34:01,delay50ms,N6,3,http,17,http_success,1,bool
2026-10-07T14:34:01,delay50ms,N6,3,http,17,http_connect_ms,53.185,ms
2026-10-07T14:34:01,delay50ms,N6,3,http,17,http_total_ms,107.50500000000001,ms
2026-10-07T14:34:01,delay50ms,N6,3,http,17,http_size,896.0,bytes
2026-10-07T14:34:01,delay50ms,N6,3,http,18,http_success,1,bool
2026-10-07T14:34:01,delay50ms,N6,3,http,18,http_connect_ms,53.252,ms
2026-10-07T14:34:01,delay50ms,N6,3,http,18,http_total_ms,108.022,ms
2026-10-07T14:34:01,delay50ms,N6,3,http,18,http_size,896.0,bytes
2026-10-07T14:34:01,delay50ms,N6,3,http,19,http_success,1,bool
2026-10-07T14:34:01,delay50ms,N6,3,http,19,http_connect_ms,52.863,ms
2026-10-07T14:34:01,delay50ms,N6,3,http,19,http_total_ms,106.678,ms
2026-10-07T14:34:01,delay50ms,N6,3,http,19,http_size,896.0,bytes
2026-10-07T14:34:01,delay50ms,N6,3,http,20,http_success,1,bool
2026-10-07T14:34:01,delay50ms,N6,3,http,20,http_connect_ms,54.418,ms
2026-10-07T14:34:01,delay50ms,N6,3,http,20,http_total_ms,107.704,ms
2026-10-07T14:34:01,delay50ms,N6,3,http,20,http_size,896.0,bytes
2026-10-07T14:34:45,loss1pct,N3,1,icmp,1,packets_tx,50,count
2026-10-07T14:34:45,loss1pct,N3,1,icmp,1,packets_rx,50,count
2026-10-07T14:34:45,loss1pct,N3,1,icmp,1,loss_pct,0.0,%
2026-10-07T14:34:45,loss1pct,N3,1,icmp,1,rtt_min,0.632,ms
2026-10-07T14:34:45,loss1pct,N3,1,icmp,1,rtt_avg,3.018,ms
2026-10-07T14:34:45,loss1pct,N3,1,icmp,1,rtt_max,4.798,ms
2026-10-07T14:34:45,loss1pct,N3,1,icmp,1,rtt_mdev,0.931,ms
2026-10-07T14:34:45,loss1pct,N3,1,tcp,1,sender_mbps,234.32514896991884,Mbit/s
2026-10-07T14:34:45,loss1pct,N3,1,tcp,1,receiver_mbps,234.09701194629488,Mbit/s
2026-10-07T14:34:45,loss1pct,N3,1,tcp,1,retransmits,2186,count
2026-10-07T14:34:45,loss1pct,N3,1,tcp,1,bytes,292623840,bytes
2026-10-07T14:34:45,loss1pct,N3,1,udp,1,offered_mbps,10.0,Mbit/s
2026-10-07T14:34:45,loss1pct,N3,1,udp,1,received_mbps,10.000529913624078,Mbit/s
2026-10-07T14:34:45,loss1pct,N3,1,udp,1,loss_pct,0.981132075471698,%
2026-10-07T14:34:45,loss1pct,N3,1,udp,1,jitter_ms,0.0345088784642244,ms
2026-10-07T14:34:45,loss1pct,N3,1,udp,1,packets,9275,count
2026-10-07T14:34:45,loss1pct,N3,1,http,1,http_success,1,bool
2026-10-07T14:34:45,loss1pct,N3,1,http,1,http_connect_ms,1.212,ms
2026-10-07T14:34:45,loss1pct,N3,1,http,1,http_total_ms,1.887,ms
2026-10-07T14:34:45,loss1pct,N3,1,http,1,http_size,896.0,bytes
2026-10-07T14:34:45,loss1pct,N3,1,http,2,http_success,1,bool
2026-10-07T14:34:45,loss1pct,N3,1,http,2,http_connect_ms,0.928,ms
2026-10-07T14:34:45,loss1pct,N3,1,http,2,http_total_ms,1.677,ms
2026-10-07T14:34:45,loss1pct,N3,1,http,2,http_size,896.0,bytes
2026-10-07T14:34:45,loss1pct,N3,1,http,3,http_success,1,bool
2026-10-07T14:34:45,loss1pct,N3,1,http,3,http_connect_ms,0.9790000000000001,ms
2026-10-07T14:34:45,loss1pct,N3,1,http,3,http_total_ms,1.5399999999999998,ms
2026-10-07T14:34:45,loss1pct,N3,1,http,3,http_size,896.0,bytes
2026-10-07T14:34:45,loss1pct,N3,1,http,4,http_success,1,bool
2026-10-07T14:34:45,loss1pct,N3,1,http,4,http_connect_ms,0.906,ms
2026-10-07T14:34:45,loss1pct,N3,1,http,4,http_total_ms,1.6199999999999999,ms
2026-10-07T14:34:45,loss1pct,N3,1,http,4,http_size,896.0,bytes
2026-10-07T14:34:45,loss1pct,N3,1,http,5,http_success,1,bool
2026-10-07T14:34:45,loss1pct,N3,1,http,5,http_connect_ms,0.92,ms
2026-10-07T14:34:45,loss1pct,N3,1,http,5,http_total_ms,1.496,ms
2026-10-07T14:34:45,loss1pct,N3,1,http,5,http_size,896.0,bytes
2026-10-07T14:34:45,loss1pct,N3,1,http,6,http_success,1,bool
2026-10-07T14:34:45,loss1pct,N3,1,http,6,http_connect_ms,1010.3169999999999,ms
2026-10-07T14:34:45,loss1pct,N3,1,http,6,http_total_ms,1016.369,ms
2026-10-07T14:34:45,loss1pct,N3,1,http,6,http_size,896.0,bytes
2026-10-07T14:34:45,loss1pct,N3,1,http,7,http_success,1,bool
2026-10-07T14:34:45,loss1pct,N3,1,http,7,http_connect_ms,1.359,ms
2026-10-07T14:34:45,loss1pct,N3,1,http,7,http_total_ms,2.2790000000000004,ms
2026-10-07T14:34:45,loss1pct,N3,1,http,7,http_size,896.0,bytes
2026-10-07T14:34:45,loss1pct,N3,1,http,8,http_success,1,bool
2026-10-07T14:34:45,loss1pct,N3,1,http,8,http_connect_ms,1.118,ms
2026-10-07T14:34:45,loss1pct,N3,1,http,8,http_total_ms,1.7550000000000001,ms
2026-10-07T14:34:45,loss1pct,N3,1,http,8,http_size,896.0,bytes
2026-10-07T14:34:45,loss1pct,N3,1,http,9,http_success,1,bool
2026-10-07T14:34:45,loss1pct,N3,1,http,9,http_connect_ms,0.8899999999999999,ms
2026-10-07T14:34:45,loss1pct,N3,1,http,9,http_total_ms,1.474,ms
2026-10-07T14:34:45,loss1pct,N3,1,http,9,http_size,896.0,bytes
2026-10-07T14:34:45,loss1pct,N3,1,http,10,http_success,1,bool
2026-10-07T14:34:45,loss1pct,N3,1,http,10,http_connect_ms,0.9520000000000001,ms
2026-10-07T14:34:45,loss1pct,N3,1,http,10,http_total_ms,1.496,ms
2026-10-07T14:34:45,loss1pct,N3,1,http,10,http_size,896.0,bytes
2026-10-07T14:34:45,loss1pct,N3,1,http,11,http_success,1,bool
2026-10-07T14:34:45,loss1pct,N3,1,http,11,http_connect_ms,0.878,ms
2026-10-07T14:34:45,loss1pct,N3,1,http,11,http_total_ms,1.416,ms
2026-10-07T14:34:45,loss1pct,N3,1,http,11,http_size,896.0,bytes
2026-10-07T14:34:45,loss1pct,N3,1,http,12,http_success,1,bool
2026-10-07T14:34:45,loss1pct,N3,1,http,12,http_connect_ms,0.9859999999999999,ms
2026-10-07T14:34:45,loss1pct,N3,1,http,12,http_total_ms,1.568,ms
2026-10-07T14:34:45,loss1pct,N3,1,http,12,http_size,896.0,bytes
2026-10-07T14:34:45,loss1pct,N3,1,http,13,http_success,1,bool
2026-10-07T14:34:45,loss1pct,N3,1,http,13,http_connect_ms,0.9,ms
2026-10-07T14:34:45,loss1pct,N3,1,http,13,http_total_ms,1.424,ms
2026-10-07T14:34:45,loss1pct,N3,1,http,13,http_size,896.0,bytes
2026-10-07T14:34:45,loss1pct,N3,1,http,14,http_success,1,bool
2026-10-07T14:34:45,loss1pct,N3,1,http,14,http_connect_ms,0.902,ms
2026-10-07T14:34:45,loss1pct,N3,1,http,14,http_total_ms,1.452,ms
2026-10-07T14:34:45,loss1pct,N3,1,http,14,http_size,896.0,bytes
2026-10-07T14:34:45,loss1pct,N3,1,http,15,http_success,1,bool
2026-10-07T14:34:45,loss1pct,N3,1,http,15,http_connect_ms,0.8109999999999999,ms
2026-10-07T14:34:45,loss1pct,N3,1,http,15,http_total_ms,1.346,ms
2026-10-07T14:34:45,loss1pct,N3,1,http,15,http_size,896.0,bytes
2026-10-07T14:34:45,loss1pct,N3,1,http,16,http_success,1,bool
2026-10-07T14:34:45,loss1pct,N3,1,http,16,http_connect_ms,0.8310000000000001,ms
2026-10-07T14:34:45,loss1pct,N3,1,http,16,http_total_ms,1.415,ms
2026-10-07T14:34:45,loss1pct,N3,1,http,16,http_size,896.0,bytes
2026-10-07T14:34:45,loss1pct,N3,1,http,17,http_success,1,bool
2026-10-07T14:34:45,loss1pct,N3,1,http,17,http_connect_ms,0.79,ms
2026-10-07T14:34:45,loss1pct,N3,1,http,17,http_total_ms,1.456,ms
2026-10-07T14:34:45,loss1pct,N3,1,http,17,http_size,896.0,bytes
2026-10-07T14:34:45,loss1pct,N3,1,http,18,http_success,1,bool
2026-10-07T14:34:45,loss1pct,N3,1,http,18,http_connect_ms,0.8220000000000001,ms
2026-10-07T14:34:45,loss1pct,N3,1,http,18,http_total_ms,1.3539999999999999,ms
2026-10-07T14:34:45,loss1pct,N3,1,http,18,http_size,896.0,bytes
2026-10-07T14:34:45,loss1pct,N3,1,http,19,http_success,1,bool
2026-10-07T14:34:45,loss1pct,N3,1,http,19,http_connect_ms,0.8059999999999999,ms
2026-10-07T14:34:45,loss1pct,N3,1,http,19,http_total_ms,1.3339999999999999,ms
2026-10-07T14:34:45,loss1pct,N3,1,http,19,http_size,896.0,bytes
2026-10-07T14:34:45,loss1pct,N3,1,http,20,http_success,1,bool
2026-10-07T14:34:45,loss1pct,N3,1,http,20,http_connect_ms,0.896,ms
2026-10-07T14:34:45,loss1pct,N3,1,http,20,http_total_ms,1.432,ms
2026-10-07T14:34:45,loss1pct,N3,1,http,20,http_size,896.0,bytes
2026-10-07T14:35:19,loss1pct,N3,2,icmp,1,packets_tx,50,count
2026-10-07T14:35:19,loss1pct,N3,2,icmp,1,packets_rx,50,count
2026-10-07T14:35:19,loss1pct,N3,2,icmp,1,loss_pct,0.0,%
2026-10-07T14:35:19,loss1pct,N3,2,icmp,1,rtt_min,0.749,ms
2026-10-07T14:35:19,loss1pct,N3,2,icmp,1,rtt_avg,2.202,ms
2026-10-07T14:35:19,loss1pct,N3,2,icmp,1,rtt_max,5.096,ms
2026-10-07T14:35:19,loss1pct,N3,2,icmp,1,rtt_mdev,1.096,ms
2026-10-07T14:35:19,loss1pct,N3,2,tcp,1,sender_mbps,229.09559708091265,Mbit/s
2026-10-07T14:35:19,loss1pct,N3,2,tcp,1,receiver_mbps,228.74002702778918,Mbit/s
2026-10-07T14:35:19,loss1pct,N3,2,tcp,1,retransmits,2151,count
2026-10-07T14:35:19,loss1pct,N3,2,tcp,1,bytes,285927264,bytes
2026-10-07T14:35:19,loss1pct,N3,2,udp,1,offered_mbps,10.0,Mbit/s
2026-10-07T14:35:19,loss1pct,N3,2,udp,1,received_mbps,10.000293576866142,Mbit/s
2026-10-07T14:35:19,loss1pct,N3,2,udp,1,loss_pct,0.776364028466681,%
2026-10-07T14:35:19,loss1pct,N3,2,udp,1,jitter_ms,0.04542601520036133,ms
2026-10-07T14:35:19,loss1pct,N3,2,udp,1,packets,9274,count
2026-10-07T14:35:19,loss1pct,N3,2,http,1,http_success,1,bool
2026-10-07T14:35:19,loss1pct,N3,2,http,1,http_connect_ms,1.173,ms
2026-10-07T14:35:19,loss1pct,N3,2,http,1,http_total_ms,2.1029999999999998,ms
2026-10-07T14:35:19,loss1pct,N3,2,http,1,http_size,896.0,bytes
2026-10-07T14:35:19,loss1pct,N3,2,http,2,http_success,1,bool
2026-10-07T14:35:19,loss1pct,N3,2,http,2,http_connect_ms,0.898,ms
2026-10-07T14:35:19,loss1pct,N3,2,http,2,http_total_ms,1.484,ms
2026-10-07T14:35:19,loss1pct,N3,2,http,2,http_size,896.0,bytes
2026-10-07T14:35:19,loss1pct,N3,2,http,3,http_success,1,bool
2026-10-07T14:35:19,loss1pct,N3,2,http,3,http_connect_ms,0.971,ms
2026-10-07T14:35:19,loss1pct,N3,2,http,3,http_total_ms,1.555,ms
2026-10-07T14:35:19,loss1pct,N3,2,http,3,http_size,896.0,bytes
2026-10-07T14:35:19,loss1pct,N3,2,http,4,http_success,1,bool
2026-10-07T14:35:19,loss1pct,N3,2,http,4,http_connect_ms,0.901,ms
2026-10-07T14:35:19,loss1pct,N3,2,http,4,http_total_ms,13.497,ms
2026-10-07T14:35:19,loss1pct,N3,2,http,4,http_size,896.0,bytes
2026-10-07T14:35:19,loss1pct,N3,2,http,5,http_success,1,bool
2026-10-07T14:35:19,loss1pct,N3,2,http,5,http_connect_ms,0.9079999999999999,ms
2026-10-07T14:35:19,loss1pct,N3,2,http,5,http_total_ms,1.659,ms
2026-10-07T14:35:19,loss1pct,N3,2,http,5,http_size,896.0,bytes
2026-10-07T14:35:19,loss1pct,N3,2,http,6,http_success,1,bool
2026-10-07T14:35:19,loss1pct,N3,2,http,6,http_connect_ms,0.8310000000000001,ms
2026-10-07T14:35:19,loss1pct,N3,2,http,6,http_total_ms,1.454,ms
2026-10-07T14:35:19,loss1pct,N3,2,http,6,http_size,896.0,bytes
2026-10-07T14:35:19,loss1pct,N3,2,http,7,http_success,1,bool
2026-10-07T14:35:19,loss1pct,N3,2,http,7,http_connect_ms,1.049,ms
2026-10-07T14:35:19,loss1pct,N3,2,http,7,http_total_ms,1.907,ms
2026-10-07T14:35:19,loss1pct,N3,2,http,7,http_size,896.0,bytes
2026-10-07T14:35:19,loss1pct,N3,2,http,8,http_success,1,bool
2026-10-07T14:35:19,loss1pct,N3,2,http,8,http_connect_ms,0.887,ms
2026-10-07T14:35:19,loss1pct,N3,2,http,8,http_total_ms,1.608,ms
2026-10-07T14:35:19,loss1pct,N3,2,http,8,http_size,896.0,bytes
2026-10-07T14:35:19,loss1pct,N3,2,http,9,http_success,1,bool
2026-10-07T14:35:19,loss1pct,N3,2,http,9,http_connect_ms,0.94,ms
2026-10-07T14:35:19,loss1pct,N3,2,http,9,http_total_ms,1.5299999999999998,ms
2026-10-07T14:35:19,loss1pct,N3,2,http,9,http_size,896.0,bytes
2026-10-07T14:35:19,loss1pct,N3,2,http,10,http_success,1,bool
2026-10-07T14:35:19,loss1pct,N3,2,http,10,http_connect_ms,0.93,ms
2026-10-07T14:35:19,loss1pct,N3,2,http,10,http_total_ms,1.56,ms
2026-10-07T14:35:19,loss1pct,N3,2,http,10,http_size,896.0,bytes
2026-10-07T14:35:19,loss1pct,N3,2,http,11,http_success,1,bool
2026-10-07T14:35:19,loss1pct,N3,2,http,11,http_connect_ms,1.031,ms
2026-10-07T14:35:19,loss1pct,N3,2,http,11,http_total_ms,1.6280000000000001,ms
2026-10-07T14:35:19,loss1pct,N3,2,http,11,http_size,896.0,bytes
2026-10-07T14:35:19,loss1pct,N3,2,http,12,http_success,1,bool
2026-10-07T14:35:19,loss1pct,N3,2,http,12,http_connect_ms,0.9520000000000001,ms
2026-10-07T14:35:19,loss1pct,N3,2,http,12,http_total_ms,1.506,ms
2026-10-07T14:35:19,loss1pct,N3,2,http,12,http_size,896.0,bytes
2026-10-07T14:35:19,loss1pct,N3,2,http,13,http_success,1,bool
2026-10-07T14:35:19,loss1pct,N3,2,http,13,http_connect_ms,0.8720000000000001,ms
2026-10-07T14:35:19,loss1pct,N3,2,http,13,http_total_ms,1.531,ms
2026-10-07T14:35:19,loss1pct,N3,2,http,13,http_size,896.0,bytes
2026-10-07T14:35:19,loss1pct,N3,2,http,14,http_success,1,bool
2026-10-07T14:35:19,loss1pct,N3,2,http,14,http_connect_ms,0.894,ms
2026-10-07T14:35:19,loss1pct,N3,2,http,14,http_total_ms,1.694,ms
2026-10-07T14:35:19,loss1pct,N3,2,http,14,http_size,896.0,bytes
2026-10-07T14:35:19,loss1pct,N3,2,http,15,http_success,1,bool
2026-10-07T14:35:19,loss1pct,N3,2,http,15,http_connect_ms,0.93,ms
2026-10-07T14:35:19,loss1pct,N3,2,http,15,http_total_ms,1.546,ms
2026-10-07T14:35:19,loss1pct,N3,2,http,15,http_size,896.0,bytes
2026-10-07T14:35:19,loss1pct,N3,2,http,16,http_success,1,bool
2026-10-07T14:35:19,loss1pct,N3,2,http,16,http_connect_ms,0.975,ms
2026-10-07T14:35:19,loss1pct,N3,2,http,16,http_total_ms,1.562,ms
2026-10-07T14:35:19,loss1pct,N3,2,http,16,http_size,896.0,bytes
2026-10-07T14:35:19,loss1pct,N3,2,http,17,http_success,1,bool
2026-10-07T14:35:19,loss1pct,N3,2,http,17,http_connect_ms,0.9600000000000001,ms
2026-10-07T14:35:19,loss1pct,N3,2,http,17,http_total_ms,1.4929999999999999,ms
2026-10-07T14:35:19,loss1pct,N3,2,http,17,http_size,896.0,bytes
2026-10-07T14:35:19,loss1pct,N3,2,http,18,http_success,1,bool
2026-10-07T14:35:19,loss1pct,N3,2,http,18,http_connect_ms,0.923,ms
2026-10-07T14:35:19,loss1pct,N3,2,http,18,http_total_ms,1.6119999999999999,ms
2026-10-07T14:35:19,loss1pct,N3,2,http,18,http_size,896.0,bytes
2026-10-07T14:35:19,loss1pct,N3,2,http,19,http_success,1,bool
2026-10-07T14:35:19,loss1pct,N3,2,http,19,http_connect_ms,1.0759999999999998,ms
2026-10-07T14:35:19,loss1pct,N3,2,http,19,http_total_ms,1.72,ms
2026-10-07T14:35:19,loss1pct,N3,2,http,19,http_size,896.0,bytes
2026-10-07T14:35:19,loss1pct,N3,2,http,20,http_success,1,bool
2026-10-07T14:35:19,loss1pct,N3,2,http,20,http_connect_ms,0.982,ms
2026-10-07T14:35:19,loss1pct,N3,2,http,20,http_total_ms,209.868,ms
2026-10-07T14:35:19,loss1pct,N3,2,http,20,http_size,896.0,bytes
2026-10-07T14:35:53,loss1pct,N3,3,icmp,1,packets_tx,50,count
2026-10-07T14:35:53,loss1pct,N3,3,icmp,1,packets_rx,50,count
2026-10-07T14:35:53,loss1pct,N3,3,icmp,1,loss_pct,0.0,%
2026-10-07T14:35:53,loss1pct,N3,3,icmp,1,rtt_min,0.953,ms
2026-10-07T14:35:53,loss1pct,N3,3,icmp,1,rtt_avg,2.681,ms
2026-10-07T14:35:53,loss1pct,N3,3,icmp,1,rtt_max,4.202,ms
2026-10-07T14:35:53,loss1pct,N3,3,icmp,1,rtt_mdev,0.887,ms
2026-10-07T14:35:53,loss1pct,N3,3,tcp,1,sender_mbps,243.3486459737976,Mbit/s
2026-10-07T14:35:53,loss1pct,N3,3,tcp,1,receiver_mbps,242.89661347539894,Mbit/s
2026-10-07T14:35:53,loss1pct,N3,3,tcp,1,retransmits,2270,count
2026-10-07T14:35:53,loss1pct,N3,3,tcp,1,bytes,303623044,bytes
2026-10-07T14:35:53,loss1pct,N3,3,udp,1,offered_mbps,10.0,Mbit/s
2026-10-07T14:35:53,loss1pct,N3,3,udp,1,received_mbps,9.999919609341394,Mbit/s
2026-10-07T14:35:53,loss1pct,N3,3,udp,1,loss_pct,1.0782833728703904,%
2026-10-07T14:35:53,loss1pct,N3,3,udp,1,jitter_ms,0.0731969440006316,ms
2026-10-07T14:35:53,loss1pct,N3,3,udp,1,packets,9274,count
2026-10-07T14:35:53,loss1pct,N3,3,http,1,http_success,1,bool
2026-10-07T14:35:53,loss1pct,N3,3,http,1,http_connect_ms,1.053,ms
2026-10-07T14:35:53,loss1pct,N3,3,http,1,http_total_ms,1.752,ms
2026-10-07T14:35:53,loss1pct,N3,3,http,1,http_size,896.0,bytes
2026-10-07T14:35:53,loss1pct,N3,3,http,2,http_success,1,bool
2026-10-07T14:35:53,loss1pct,N3,3,http,2,http_connect_ms,0.841,ms
2026-10-07T14:35:53,loss1pct,N3,3,http,2,http_total_ms,1.4040000000000001,ms
2026-10-07T14:35:53,loss1pct,N3,3,http,2,http_size,896.0,bytes
2026-10-07T14:35:53,loss1pct,N3,3,http,3,http_success,1,bool
2026-10-07T14:35:53,loss1pct,N3,3,http,3,http_connect_ms,0.8989999999999999,ms
2026-10-07T14:35:53,loss1pct,N3,3,http,3,http_total_ms,1.441,ms
2026-10-07T14:35:53,loss1pct,N3,3,http,3,http_size,896.0,bytes
2026-10-07T14:35:53,loss1pct,N3,3,http,4,http_success,1,bool
2026-10-07T14:35:53,loss1pct,N3,3,http,4,http_connect_ms,0.8109999999999999,ms
2026-10-07T14:35:53,loss1pct,N3,3,http,4,http_total_ms,1.353,ms
2026-10-07T14:35:53,loss1pct,N3,3,http,4,http_size,896.0,bytes
2026-10-07T14:35:53,loss1pct,N3,3,http,5,http_success,1,bool
2026-10-07T14:35:53,loss1pct,N3,3,http,5,http_connect_ms,0.842,ms
2026-10-07T14:35:53,loss1pct,N3,3,http,5,http_total_ms,1.403,ms
2026-10-07T14:35:53,loss1pct,N3,3,http,5,http_size,896.0,bytes
2026-10-07T14:35:53,loss1pct,N3,3,http,6,http_success,1,bool
2026-10-07T14:35:53,loss1pct,N3,3,http,6,http_connect_ms,0.816,ms
2026-10-07T14:35:53,loss1pct,N3,3,http,6,http_total_ms,1.345,ms
2026-10-07T14:35:53,loss1pct,N3,3,http,6,http_size,896.0,bytes
2026-10-07T14:35:53,loss1pct,N3,3,http,7,http_success,1,bool
2026-10-07T14:35:53,loss1pct,N3,3,http,7,http_connect_ms,0.816,ms
2026-10-07T14:35:53,loss1pct,N3,3,http,7,http_total_ms,1.355,ms
2026-10-07T14:35:53,loss1pct,N3,3,http,7,http_size,896.0,bytes
2026-10-07T14:35:53,loss1pct,N3,3,http,8,http_success,1,bool
2026-10-07T14:35:53,loss1pct,N3,3,http,8,http_connect_ms,0.8270000000000001,ms
2026-10-07T14:35:53,loss1pct,N3,3,http,8,http_total_ms,1.453,ms
2026-10-07T14:35:53,loss1pct,N3,3,http,8,http_size,896.0,bytes
2026-10-07T14:35:53,loss1pct,N3,3,http,9,http_success,1,bool
2026-10-07T14:35:53,loss1pct,N3,3,http,9,http_connect_ms,0.803,ms
2026-10-07T14:35:53,loss1pct,N3,3,http,9,http_total_ms,1.47,ms
2026-10-07T14:35:53,loss1pct,N3,3,http,9,http_size,896.0,bytes
2026-10-07T14:35:53,loss1pct,N3,3,http,10,http_success,1,bool
2026-10-07T14:35:53,loss1pct,N3,3,http,10,http_connect_ms,0.8170000000000001,ms
2026-10-07T14:35:53,loss1pct,N3,3,http,10,http_total_ms,1.356,ms
2026-10-07T14:35:53,loss1pct,N3,3,http,10,http_size,896.0,bytes
2026-10-07T14:35:53,loss1pct,N3,3,http,11,http_success,1,bool
2026-10-07T14:35:53,loss1pct,N3,3,http,11,http_connect_ms,0.8350000000000001,ms
2026-10-07T14:35:53,loss1pct,N3,3,http,11,http_total_ms,1.416,ms
2026-10-07T14:35:53,loss1pct,N3,3,http,11,http_size,896.0,bytes
2026-10-07T14:35:53,loss1pct,N3,3,http,12,http_success,1,bool
2026-10-07T14:35:53,loss1pct,N3,3,http,12,http_connect_ms,0.883,ms
2026-10-07T14:35:53,loss1pct,N3,3,http,12,http_total_ms,1.456,ms
2026-10-07T14:35:53,loss1pct,N3,3,http,12,http_size,896.0,bytes
2026-10-07T14:35:53,loss1pct,N3,3,http,13,http_success,1,bool
2026-10-07T14:35:53,loss1pct,N3,3,http,13,http_connect_ms,0.891,ms
2026-10-07T14:35:53,loss1pct,N3,3,http,13,http_total_ms,1.449,ms
2026-10-07T14:35:53,loss1pct,N3,3,http,13,http_size,896.0,bytes
2026-10-07T14:35:53,loss1pct,N3,3,http,14,http_success,1,bool
2026-10-07T14:35:53,loss1pct,N3,3,http,14,http_connect_ms,0.8180000000000001,ms
2026-10-07T14:35:53,loss1pct,N3,3,http,14,http_total_ms,1.3699999999999999,ms
2026-10-07T14:35:53,loss1pct,N3,3,http,14,http_size,896.0,bytes
2026-10-07T14:35:53,loss1pct,N3,3,http,15,http_success,1,bool
2026-10-07T14:35:53,loss1pct,N3,3,http,15,http_connect_ms,0.887,ms
2026-10-07T14:35:53,loss1pct,N3,3,http,15,http_total_ms,1.4749999999999999,ms
2026-10-07T14:35:53,loss1pct,N3,3,http,15,http_size,896.0,bytes
2026-10-07T14:35:53,loss1pct,N3,3,http,16,http_success,1,bool
2026-10-07T14:35:53,loss1pct,N3,3,http,16,http_connect_ms,0.8019999999999999,ms
2026-10-07T14:35:53,loss1pct,N3,3,http,16,http_total_ms,1.403,ms
2026-10-07T14:35:53,loss1pct,N3,3,http,16,http_size,896.0,bytes
2026-10-07T14:35:53,loss1pct,N3,3,http,17,http_success,1,bool
2026-10-07T14:35:53,loss1pct,N3,3,http,17,http_connect_ms,0.8019999999999999,ms
2026-10-07T14:35:53,loss1pct,N3,3,http,17,http_total_ms,1.445,ms
2026-10-07T14:35:53,loss1pct,N3,3,http,17,http_size,896.0,bytes
2026-10-07T14:35:53,loss1pct,N3,3,http,18,http_success,1,bool
2026-10-07T14:35:53,loss1pct,N3,3,http,18,http_connect_ms,0.909,ms
2026-10-07T14:35:53,loss1pct,N3,3,http,18,http_total_ms,1.469,ms
2026-10-07T14:35:53,loss1pct,N3,3,http,18,http_size,896.0,bytes
2026-10-07T14:35:53,loss1pct,N3,3,http,19,http_success,1,bool
2026-10-07T14:35:53,loss1pct,N3,3,http,19,http_connect_ms,0.898,ms
2026-10-07T14:35:53,loss1pct,N3,3,http,19,http_total_ms,1.4469999999999998,ms
2026-10-07T14:35:53,loss1pct,N3,3,http,19,http_size,896.0,bytes
2026-10-07T14:35:53,loss1pct,N3,3,http,20,http_success,1,bool
2026-10-07T14:35:53,loss1pct,N3,3,http,20,http_connect_ms,0.93,ms
2026-10-07T14:35:53,loss1pct,N3,3,http,20,http_total_ms,1.564,ms
2026-10-07T14:35:53,loss1pct,N3,3,http,20,http_size,896.0,bytes
2026-10-07T14:36:34,loss1pct,N6,1,icmp,1,packets_tx,50,count
2026-10-07T14:36:34,loss1pct,N6,1,icmp,1,packets_rx,50,count
2026-10-07T14:36:34,loss1pct,N6,1,icmp,1,loss_pct,0.0,%
2026-10-07T14:36:34,loss1pct,N6,1,icmp,1,rtt_min,0.703,ms
2026-10-07T14:36:34,loss1pct,N6,1,icmp,1,rtt_avg,2.904,ms
2026-10-07T14:36:34,loss1pct,N6,1,icmp,1,rtt_max,4.595,ms
2026-10-07T14:36:34,loss1pct,N6,1,icmp,1,rtt_mdev,0.901,ms
2026-10-07T14:36:34,loss1pct,N6,1,tcp,1,sender_mbps,696.8834468645575,Mbit/s
2026-10-07T14:36:34,loss1pct,N6,1,tcp,1,receiver_mbps,696.2925637568483,Mbit/s
2026-10-07T14:36:34,loss1pct,N6,1,tcp,1,retransmits,6253,count
2026-10-07T14:36:34,loss1pct,N6,1,tcp,1,bytes,870371188,bytes
2026-10-07T14:36:34,loss1pct,N6,1,udp,1,offered_mbps,10.0,Mbit/s
2026-10-07T14:36:34,loss1pct,N6,1,udp,1,received_mbps,10.00004259557432,Mbit/s
2026-10-07T14:36:34,loss1pct,N6,1,udp,1,loss_pct,0.9704550355833513,%
2026-10-07T14:36:34,loss1pct,N6,1,udp,1,jitter_ms,0.050346278705690035,ms
2026-10-07T14:36:34,loss1pct,N6,1,udp,1,packets,9274,count
2026-10-07T14:36:34,loss1pct,N6,1,http,1,http_success,1,bool
2026-10-07T14:36:34,loss1pct,N6,1,http,1,http_connect_ms,1.063,ms
2026-10-07T14:36:34,loss1pct,N6,1,http,1,http_total_ms,1.719,ms
2026-10-07T14:36:34,loss1pct,N6,1,http,1,http_size,896.0,bytes
2026-10-07T14:36:34,loss1pct,N6,1,http,2,http_success,1,bool
2026-10-07T14:36:34,loss1pct,N6,1,http,2,http_connect_ms,0.824,ms
2026-10-07T14:36:34,loss1pct,N6,1,http,2,http_total_ms,1.421,ms
2026-10-07T14:36:34,loss1pct,N6,1,http,2,http_size,896.0,bytes
2026-10-07T14:36:34,loss1pct,N6,1,http,3,http_success,1,bool
2026-10-07T14:36:34,loss1pct,N6,1,http,3,http_connect_ms,0.83,ms
2026-10-07T14:36:34,loss1pct,N6,1,http,3,http_total_ms,1.431,ms
2026-10-07T14:36:34,loss1pct,N6,1,http,3,http_size,896.0,bytes
2026-10-07T14:36:34,loss1pct,N6,1,http,4,http_success,1,bool
2026-10-07T14:36:34,loss1pct,N6,1,http,4,http_connect_ms,0.85,ms
2026-10-07T14:36:34,loss1pct,N6,1,http,4,http_total_ms,1.552,ms
2026-10-07T14:36:34,loss1pct,N6,1,http,4,http_size,896.0,bytes
2026-10-07T14:36:34,loss1pct,N6,1,http,5,http_success,1,bool
2026-10-07T14:36:34,loss1pct,N6,1,http,5,http_connect_ms,0.812,ms
2026-10-07T14:36:34,loss1pct,N6,1,http,5,http_total_ms,1.6199999999999999,ms
2026-10-07T14:36:34,loss1pct,N6,1,http,5,http_size,896.0,bytes
2026-10-07T14:36:34,loss1pct,N6,1,http,6,http_success,1,bool
2026-10-07T14:36:34,loss1pct,N6,1,http,6,http_connect_ms,0.914,ms
2026-10-07T14:36:34,loss1pct,N6,1,http,6,http_total_ms,1.5479999999999998,ms
2026-10-07T14:36:34,loss1pct,N6,1,http,6,http_size,896.0,bytes
2026-10-07T14:36:34,loss1pct,N6,1,http,7,http_success,1,bool
2026-10-07T14:36:34,loss1pct,N6,1,http,7,http_connect_ms,0.915,ms
2026-10-07T14:36:34,loss1pct,N6,1,http,7,http_total_ms,1.5130000000000001,ms
2026-10-07T14:36:34,loss1pct,N6,1,http,7,http_size,896.0,bytes
2026-10-07T14:36:34,loss1pct,N6,1,http,8,http_success,1,bool
2026-10-07T14:36:34,loss1pct,N6,1,http,8,http_connect_ms,0.901,ms
2026-10-07T14:36:34,loss1pct,N6,1,http,8,http_total_ms,1.502,ms
2026-10-07T14:36:34,loss1pct,N6,1,http,8,http_size,896.0,bytes
2026-10-07T14:36:34,loss1pct,N6,1,http,9,http_success,1,bool
2026-10-07T14:36:34,loss1pct,N6,1,http,9,http_connect_ms,0.8059999999999999,ms
2026-10-07T14:36:34,loss1pct,N6,1,http,9,http_total_ms,1.392,ms
2026-10-07T14:36:34,loss1pct,N6,1,http,9,http_size,896.0,bytes
2026-10-07T14:36:34,loss1pct,N6,1,http,10,http_success,1,bool
2026-10-07T14:36:34,loss1pct,N6,1,http,10,http_connect_ms,0.842,ms
2026-10-07T14:36:34,loss1pct,N6,1,http,10,http_total_ms,1.408,ms
2026-10-07T14:36:34,loss1pct,N6,1,http,10,http_size,896.0,bytes
2026-10-07T14:36:34,loss1pct,N6,1,http,11,http_success,1,bool
2026-10-07T14:36:34,loss1pct,N6,1,http,11,http_connect_ms,0.924,ms
2026-10-07T14:36:34,loss1pct,N6,1,http,11,http_total_ms,1.502,ms
2026-10-07T14:36:34,loss1pct,N6,1,http,11,http_size,896.0,bytes
2026-10-07T14:36:34,loss1pct,N6,1,http,12,http_success,1,bool
2026-10-07T14:36:34,loss1pct,N6,1,http,12,http_connect_ms,0.855,ms
2026-10-07T14:36:34,loss1pct,N6,1,http,12,http_total_ms,1.436,ms
2026-10-07T14:36:34,loss1pct,N6,1,http,12,http_size,896.0,bytes
2026-10-07T14:36:34,loss1pct,N6,1,http,13,http_success,1,bool
2026-10-07T14:36:34,loss1pct,N6,1,http,13,http_connect_ms,0.796,ms
2026-10-07T14:36:34,loss1pct,N6,1,http,13,http_total_ms,1.361,ms
2026-10-07T14:36:34,loss1pct,N6,1,http,13,http_size,896.0,bytes
2026-10-07T14:36:34,loss1pct,N6,1,http,14,http_success,1,bool
2026-10-07T14:36:34,loss1pct,N6,1,http,14,http_connect_ms,0.873,ms
2026-10-07T14:36:34,loss1pct,N6,1,http,14,http_total_ms,1.432,ms
2026-10-07T14:36:34,loss1pct,N6,1,http,14,http_size,896.0,bytes
2026-10-07T14:36:34,loss1pct,N6,1,http,15,http_success,1,bool
2026-10-07T14:36:34,loss1pct,N6,1,http,15,http_connect_ms,0.8260000000000001,ms
2026-10-07T14:36:34,loss1pct,N6,1,http,15,http_total_ms,1.411,ms
2026-10-07T14:36:34,loss1pct,N6,1,http,15,http_size,896.0,bytes
2026-10-07T14:36:34,loss1pct,N6,1,http,16,http_success,1,bool
2026-10-07T14:36:34,loss1pct,N6,1,http,16,http_connect_ms,0.839,ms
2026-10-07T14:36:34,loss1pct,N6,1,http,16,http_total_ms,1.425,ms
2026-10-07T14:36:34,loss1pct,N6,1,http,16,http_size,896.0,bytes
2026-10-07T14:36:34,loss1pct,N6,1,http,17,http_success,1,bool
2026-10-07T14:36:34,loss1pct,N6,1,http,17,http_connect_ms,0.8140000000000001,ms
2026-10-07T14:36:34,loss1pct,N6,1,http,17,http_total_ms,1.3960000000000001,ms
2026-10-07T14:36:34,loss1pct,N6,1,http,17,http_size,896.0,bytes
2026-10-07T14:36:34,loss1pct,N6,1,http,18,http_success,1,bool
2026-10-07T14:36:34,loss1pct,N6,1,http,18,http_connect_ms,0.842,ms
2026-10-07T14:36:34,loss1pct,N6,1,http,18,http_total_ms,1.435,ms
2026-10-07T14:36:34,loss1pct,N6,1,http,18,http_size,896.0,bytes
2026-10-07T14:36:34,loss1pct,N6,1,http,19,http_success,1,bool
2026-10-07T14:36:34,loss1pct,N6,1,http,19,http_connect_ms,0.888,ms
2026-10-07T14:36:34,loss1pct,N6,1,http,19,http_total_ms,1.4749999999999999,ms
2026-10-07T14:36:34,loss1pct,N6,1,http,19,http_size,896.0,bytes
2026-10-07T14:36:34,loss1pct,N6,1,http,20,http_success,1,bool
2026-10-07T14:36:34,loss1pct,N6,1,http,20,http_connect_ms,0.8109999999999999,ms
2026-10-07T14:36:34,loss1pct,N6,1,http,20,http_total_ms,1.3860000000000001,ms
2026-10-07T14:36:34,loss1pct,N6,1,http,20,http_size,896.0,bytes
2026-10-07T14:37:07,loss1pct,N6,2,icmp,1,packets_tx,50,count
2026-10-07T14:37:07,loss1pct,N6,2,icmp,1,packets_rx,49,count
2026-10-07T14:37:07,loss1pct,N6,2,icmp,1,loss_pct,2.0,%
2026-10-07T14:37:07,loss1pct,N6,2,icmp,1,rtt_min,0.681,ms
2026-10-07T14:37:07,loss1pct,N6,2,icmp,1,rtt_avg,2.921,ms
2026-10-07T14:37:07,loss1pct,N6,2,icmp,1,rtt_max,4.534,ms
2026-10-07T14:37:07,loss1pct,N6,2,icmp,1,rtt_mdev,0.941,ms
2026-10-07T14:37:07,loss1pct,N6,2,tcp,1,sender_mbps,706.98049315017,Mbit/s
2026-10-07T14:37:07,loss1pct,N6,2,tcp,1,receiver_mbps,706.417876265928,Mbit/s
2026-10-07T14:37:07,loss1pct,N6,2,tcp,1,retransmits,5310,count
2026-10-07T14:37:07,loss1pct,N6,2,tcp,1,bytes,883028968,bytes
2026-10-07T14:37:07,loss1pct,N6,2,udp,1,offered_mbps,10.0,Mbit/s
2026-10-07T14:37:07,loss1pct,N6,2,udp,1,received_mbps,10.000871887700864,Mbit/s
2026-10-07T14:37:07,loss1pct,N6,2,udp,1,loss_pct,0.8517520215633423,%
2026-10-07T14:37:07,loss1pct,N6,2,udp,1,jitter_ms,0.048983589084670556,ms
2026-10-07T14:37:07,loss1pct,N6,2,udp,1,packets,9275,count
2026-10-07T14:37:07,loss1pct,N6,2,http,1,http_success,1,bool
2026-10-07T14:37:07,loss1pct,N6,2,http,1,http_connect_ms,1.038,ms
2026-10-07T14:37:07,loss1pct,N6,2,http,1,http_total_ms,1.882,ms
2026-10-07T14:37:07,loss1pct,N6,2,http,1,http_size,896.0,bytes
2026-10-07T14:37:07,loss1pct,N6,2,http,2,http_success,1,bool
2026-10-07T14:37:07,loss1pct,N6,2,http,2,http_connect_ms,0.888,ms
2026-10-07T14:37:07,loss1pct,N6,2,http,2,http_total_ms,1.479,ms
2026-10-07T14:37:07,loss1pct,N6,2,http,2,http_size,896.0,bytes
2026-10-07T14:37:07,loss1pct,N6,2,http,3,http_success,1,bool
2026-10-07T14:37:07,loss1pct,N6,2,http,3,http_connect_ms,0.915,ms
2026-10-07T14:37:07,loss1pct,N6,2,http,3,http_total_ms,1.5230000000000001,ms
2026-10-07T14:37:07,loss1pct,N6,2,http,3,http_size,896.0,bytes
2026-10-07T14:37:07,loss1pct,N6,2,http,4,http_success,1,bool
2026-10-07T14:37:07,loss1pct,N6,2,http,4,http_connect_ms,0.824,ms
2026-10-07T14:37:07,loss1pct,N6,2,http,4,http_total_ms,1.389,ms
2026-10-07T14:37:07,loss1pct,N6,2,http,4,http_size,896.0,bytes
2026-10-07T14:37:07,loss1pct,N6,2,http,5,http_success,1,bool
2026-10-07T14:37:07,loss1pct,N6,2,http,5,http_connect_ms,0.8450000000000001,ms
2026-10-07T14:37:07,loss1pct,N6,2,http,5,http_total_ms,1.4369999999999998,ms
2026-10-07T14:37:07,loss1pct,N6,2,http,5,http_size,896.0,bytes
2026-10-07T14:37:07,loss1pct,N6,2,http,6,http_success,1,bool
2026-10-07T14:37:07,loss1pct,N6,2,http,6,http_connect_ms,0.8140000000000001,ms
2026-10-07T14:37:07,loss1pct,N6,2,http,6,http_total_ms,1.443,ms
2026-10-07T14:37:07,loss1pct,N6,2,http,6,http_size,896.0,bytes
2026-10-07T14:37:07,loss1pct,N6,2,http,7,http_success,1,bool
2026-10-07T14:37:07,loss1pct,N6,2,http,7,http_connect_ms,0.867,ms
2026-10-07T14:37:07,loss1pct,N6,2,http,7,http_total_ms,1.452,ms
2026-10-07T14:37:07,loss1pct,N6,2,http,7,http_size,896.0,bytes
2026-10-07T14:37:07,loss1pct,N6,2,http,8,http_success,1,bool
2026-10-07T14:37:07,loss1pct,N6,2,http,8,http_connect_ms,0.905,ms
2026-10-07T14:37:07,loss1pct,N6,2,http,8,http_total_ms,1.424,ms
2026-10-07T14:37:07,loss1pct,N6,2,http,8,http_size,896.0,bytes
2026-10-07T14:37:07,loss1pct,N6,2,http,9,http_success,1,bool
2026-10-07T14:37:07,loss1pct,N6,2,http,9,http_connect_ms,0.873,ms
2026-10-07T14:37:07,loss1pct,N6,2,http,9,http_total_ms,1.542,ms
2026-10-07T14:37:07,loss1pct,N6,2,http,9,http_size,896.0,bytes
2026-10-07T14:37:07,loss1pct,N6,2,http,10,http_success,1,bool
2026-10-07T14:37:07,loss1pct,N6,2,http,10,http_connect_ms,0.847,ms
2026-10-07T14:37:07,loss1pct,N6,2,http,10,http_total_ms,1.416,ms
2026-10-07T14:37:07,loss1pct,N6,2,http,10,http_size,896.0,bytes
2026-10-07T14:37:07,loss1pct,N6,2,http,11,http_success,1,bool
2026-10-07T14:37:07,loss1pct,N6,2,http,11,http_connect_ms,0.8099999999999999,ms
2026-10-07T14:37:07,loss1pct,N6,2,http,11,http_total_ms,1.379,ms
2026-10-07T14:37:07,loss1pct,N6,2,http,11,http_size,896.0,bytes
2026-10-07T14:37:07,loss1pct,N6,2,http,12,http_success,1,bool
2026-10-07T14:37:07,loss1pct,N6,2,http,12,http_connect_ms,0.86,ms
2026-10-07T14:37:07,loss1pct,N6,2,http,12,http_total_ms,1.436,ms
2026-10-07T14:37:07,loss1pct,N6,2,http,12,http_size,896.0,bytes
2026-10-07T14:37:07,loss1pct,N6,2,http,13,http_success,1,bool
2026-10-07T14:37:07,loss1pct,N6,2,http,13,http_connect_ms,0.855,ms
2026-10-07T14:37:07,loss1pct,N6,2,http,13,http_total_ms,1.424,ms
2026-10-07T14:37:07,loss1pct,N6,2,http,13,http_size,896.0,bytes
2026-10-07T14:37:07,loss1pct,N6,2,http,14,http_success,1,bool
2026-10-07T14:37:07,loss1pct,N6,2,http,14,http_connect_ms,0.874,ms
2026-10-07T14:37:07,loss1pct,N6,2,http,14,http_total_ms,1.416,ms
2026-10-07T14:37:07,loss1pct,N6,2,http,14,http_size,896.0,bytes
2026-10-07T14:37:07,loss1pct,N6,2,http,15,http_success,1,bool
2026-10-07T14:37:07,loss1pct,N6,2,http,15,http_connect_ms,0.8450000000000001,ms
2026-10-07T14:37:07,loss1pct,N6,2,http,15,http_total_ms,1.407,ms
2026-10-07T14:37:07,loss1pct,N6,2,http,15,http_size,896.0,bytes
2026-10-07T14:37:07,loss1pct,N6,2,http,16,http_success,1,bool
2026-10-07T14:37:07,loss1pct,N6,2,http,16,http_connect_ms,0.8059999999999999,ms
2026-10-07T14:37:07,loss1pct,N6,2,http,16,http_total_ms,1.375,ms
2026-10-07T14:37:07,loss1pct,N6,2,http,16,http_size,896.0,bytes
2026-10-07T14:37:07,loss1pct,N6,2,http,17,http_success,1,bool
2026-10-07T14:37:07,loss1pct,N6,2,http,17,http_connect_ms,0.866,ms
2026-10-07T14:37:07,loss1pct,N6,2,http,17,http_total_ms,1.532,ms
2026-10-07T14:37:07,loss1pct,N6,2,http,17,http_size,896.0,bytes
2026-10-07T14:37:07,loss1pct,N6,2,http,18,http_success,1,bool
2026-10-07T14:37:07,loss1pct,N6,2,http,18,http_connect_ms,0.878,ms
2026-10-07T14:37:07,loss1pct,N6,2,http,18,http_total_ms,1.417,ms
2026-10-07T14:37:07,loss1pct,N6,2,http,18,http_size,896.0,bytes
2026-10-07T14:37:07,loss1pct,N6,2,http,19,http_success,1,bool
2026-10-07T14:37:07,loss1pct,N6,2,http,19,http_connect_ms,0.837,ms
2026-10-07T14:37:07,loss1pct,N6,2,http,19,http_total_ms,1.398,ms
2026-10-07T14:37:07,loss1pct,N6,2,http,19,http_size,896.0,bytes
2026-10-07T14:37:07,loss1pct,N6,2,http,20,http_success,1,bool
2026-10-07T14:37:07,loss1pct,N6,2,http,20,http_connect_ms,0.805,ms
2026-10-07T14:37:07,loss1pct,N6,2,http,20,http_total_ms,1.338,ms
2026-10-07T14:37:07,loss1pct,N6,2,http,20,http_size,896.0,bytes
2026-10-07T14:37:41,loss1pct,N6,3,icmp,1,packets_tx,50,count
2026-10-07T14:37:41,loss1pct,N6,3,icmp,1,packets_rx,50,count
2026-10-07T14:37:41,loss1pct,N6,3,icmp,1,loss_pct,0.0,%
2026-10-07T14:37:41,loss1pct,N6,3,icmp,1,rtt_min,0.735,ms
2026-10-07T14:37:41,loss1pct,N6,3,icmp,1,rtt_avg,3.212,ms
2026-10-07T14:37:41,loss1pct,N6,3,icmp,1,rtt_max,5.443,ms
2026-10-07T14:37:41,loss1pct,N6,3,icmp,1,rtt_mdev,1.044,ms
2026-10-07T14:37:41,loss1pct,N6,3,tcp,1,sender_mbps,653.3235409286332,Mbit/s
2026-10-07T14:37:41,loss1pct,N6,3,tcp,1,receiver_mbps,652.8006899130318,Mbit/s
2026-10-07T14:37:41,loss1pct,N6,3,tcp,1,retransmits,6149,count
2026-10-07T14:37:41,loss1pct,N6,3,tcp,1,bytes,816009104,bytes
2026-10-07T14:37:41,loss1pct,N6,3,udp,1,offered_mbps,10.0,Mbit/s
2026-10-07T14:37:41,loss1pct,N6,3,udp,1,received_mbps,10.00003159668235,Mbit/s
2026-10-07T14:37:41,loss1pct,N6,3,udp,1,loss_pct,1.0782833728703904,%
2026-10-07T14:37:41,loss1pct,N6,3,udp,1,jitter_ms,0.053369135102720656,ms
2026-10-07T14:37:41,loss1pct,N6,3,udp,1,packets,9274,count
2026-10-07T14:37:41,loss1pct,N6,3,http,1,http_success,1,bool
2026-10-07T14:37:41,loss1pct,N6,3,http,1,http_connect_ms,1.292,ms
2026-10-07T14:37:41,loss1pct,N6,3,http,1,http_total_ms,2.075,ms
2026-10-07T14:37:41,loss1pct,N6,3,http,1,http_size,896.0,bytes
2026-10-07T14:37:41,loss1pct,N6,3,http,2,http_success,1,bool
2026-10-07T14:37:41,loss1pct,N6,3,http,2,http_connect_ms,0.967,ms
2026-10-07T14:37:41,loss1pct,N6,3,http,2,http_total_ms,1.5939999999999999,ms
2026-10-07T14:37:41,loss1pct,N6,3,http,2,http_size,896.0,bytes
2026-10-07T14:37:41,loss1pct,N6,3,http,3,http_success,1,bool
2026-10-07T14:37:41,loss1pct,N6,3,http,3,http_connect_ms,0.892,ms
2026-10-07T14:37:41,loss1pct,N6,3,http,3,http_total_ms,1.591,ms
2026-10-07T14:37:41,loss1pct,N6,3,http,3,http_size,896.0,bytes
2026-10-07T14:37:41,loss1pct,N6,3,http,4,http_success,1,bool
2026-10-07T14:37:41,loss1pct,N6,3,http,4,http_connect_ms,0.971,ms
2026-10-07T14:37:41,loss1pct,N6,3,http,4,http_total_ms,1.542,ms
2026-10-07T14:37:41,loss1pct,N6,3,http,4,http_size,896.0,bytes
2026-10-07T14:37:41,loss1pct,N6,3,http,5,http_success,1,bool
2026-10-07T14:37:41,loss1pct,N6,3,http,5,http_connect_ms,0.988,ms
2026-10-07T14:37:41,loss1pct,N6,3,http,5,http_total_ms,1.593,ms
2026-10-07T14:37:41,loss1pct,N6,3,http,5,http_size,896.0,bytes
2026-10-07T14:37:41,loss1pct,N6,3,http,6,http_success,1,bool
2026-10-07T14:37:41,loss1pct,N6,3,http,6,http_connect_ms,0.93,ms
2026-10-07T14:37:41,loss1pct,N6,3,http,6,http_total_ms,1.567,ms
2026-10-07T14:37:41,loss1pct,N6,3,http,6,http_size,896.0,bytes
2026-10-07T14:37:41,loss1pct,N6,3,http,7,http_success,1,bool
2026-10-07T14:37:41,loss1pct,N6,3,http,7,http_connect_ms,0.93,ms
2026-10-07T14:37:41,loss1pct,N6,3,http,7,http_total_ms,1.5,ms
2026-10-07T14:37:41,loss1pct,N6,3,http,7,http_size,896.0,bytes
2026-10-07T14:37:41,loss1pct,N6,3,http,8,http_success,1,bool
2026-10-07T14:37:41,loss1pct,N6,3,http,8,http_connect_ms,0.865,ms
2026-10-07T14:37:41,loss1pct,N6,3,http,8,http_total_ms,1.4189999999999998,ms
2026-10-07T14:37:41,loss1pct,N6,3,http,8,http_size,896.0,bytes
2026-10-07T14:37:41,loss1pct,N6,3,http,9,http_success,1,bool
2026-10-07T14:37:41,loss1pct,N6,3,http,9,http_connect_ms,0.9460000000000001,ms
2026-10-07T14:37:41,loss1pct,N6,3,http,9,http_total_ms,1.6039999999999999,ms
2026-10-07T14:37:41,loss1pct,N6,3,http,9,http_size,896.0,bytes
2026-10-07T14:37:41,loss1pct,N6,3,http,10,http_success,1,bool
2026-10-07T14:37:41,loss1pct,N6,3,http,10,http_connect_ms,0.928,ms
2026-10-07T14:37:41,loss1pct,N6,3,http,10,http_total_ms,1.5130000000000001,ms
2026-10-07T14:37:41,loss1pct,N6,3,http,10,http_size,896.0,bytes
2026-10-07T14:37:41,loss1pct,N6,3,http,11,http_success,1,bool
2026-10-07T14:37:41,loss1pct,N6,3,http,11,http_connect_ms,0.861,ms
2026-10-07T14:37:41,loss1pct,N6,3,http,11,http_total_ms,1.556,ms
2026-10-07T14:37:41,loss1pct,N6,3,http,11,http_size,896.0,bytes
2026-10-07T14:37:41,loss1pct,N6,3,http,12,http_success,1,bool
2026-10-07T14:37:41,loss1pct,N6,3,http,12,http_connect_ms,1007.318,ms
2026-10-07T14:37:41,loss1pct,N6,3,http,12,http_total_ms,1012.818,ms
2026-10-07T14:37:41,loss1pct,N6,3,http,12,http_size,896.0,bytes
2026-10-07T14:37:41,loss1pct,N6,3,http,13,http_success,1,bool
2026-10-07T14:37:41,loss1pct,N6,3,http,13,http_connect_ms,1.222,ms
2026-10-07T14:37:41,loss1pct,N6,3,http,13,http_total_ms,2.003,ms
2026-10-07T14:37:41,loss1pct,N6,3,http,13,http_size,896.0,bytes
2026-10-07T14:37:41,loss1pct,N6,3,http,14,http_success,1,bool
2026-10-07T14:37:41,loss1pct,N6,3,http,14,http_connect_ms,0.871,ms
2026-10-07T14:37:41,loss1pct,N6,3,http,14,http_total_ms,1.4749999999999999,ms
2026-10-07T14:37:41,loss1pct,N6,3,http,14,http_size,896.0,bytes
2026-10-07T14:37:41,loss1pct,N6,3,http,15,http_success,1,bool
2026-10-07T14:37:41,loss1pct,N6,3,http,15,http_connect_ms,0.821,ms
2026-10-07T14:37:41,loss1pct,N6,3,http,15,http_total_ms,1.556,ms
2026-10-07T14:37:41,loss1pct,N6,3,http,15,http_size,896.0,bytes
2026-10-07T14:37:41,loss1pct,N6,3,http,16,http_success,1,bool
2026-10-07T14:37:41,loss1pct,N6,3,http,16,http_connect_ms,0.954,ms
2026-10-07T14:37:41,loss1pct,N6,3,http,16,http_total_ms,1.635,ms
2026-10-07T14:37:41,loss1pct,N6,3,http,16,http_size,896.0,bytes
2026-10-07T14:37:41,loss1pct,N6,3,http,17,http_success,1,bool
2026-10-07T14:37:41,loss1pct,N6,3,http,17,http_connect_ms,0.9,ms
2026-10-07T14:37:41,loss1pct,N6,3,http,17,http_total_ms,1.542,ms
2026-10-07T14:37:41,loss1pct,N6,3,http,17,http_size,896.0,bytes
2026-10-07T14:37:41,loss1pct,N6,3,http,18,http_success,1,bool
2026-10-07T14:37:41,loss1pct,N6,3,http,18,http_connect_ms,0.858,ms
2026-10-07T14:37:41,loss1pct,N6,3,http,18,http_total_ms,1.563,ms
2026-10-07T14:37:41,loss1pct,N6,3,http,18,http_size,896.0,bytes
2026-10-07T14:37:41,loss1pct,N6,3,http,19,http_success,1,bool
2026-10-07T14:37:41,loss1pct,N6,3,http,19,http_connect_ms,0.941,ms
2026-10-07T14:37:41,loss1pct,N6,3,http,19,http_total_ms,1.488,ms
2026-10-07T14:37:41,loss1pct,N6,3,http,19,http_size,896.0,bytes
2026-10-07T14:37:41,loss1pct,N6,3,http,20,http_success,1,bool
2026-10-07T14:37:41,loss1pct,N6,3,http,20,http_connect_ms,0.889,ms
2026-10-07T14:37:41,loss1pct,N6,3,http,20,http_total_ms,1.498,ms
2026-10-07T14:37:41,loss1pct,N6,3,http,20,http_size,896.0,bytes
2026-10-07T14:38:22,baseline-udp30,none,1,icmp,1,packets_tx,50,count
2026-10-07T14:38:22,baseline-udp30,none,1,icmp,1,packets_rx,50,count
2026-10-07T14:38:22,baseline-udp30,none,1,icmp,1,loss_pct,0.0,%
2026-10-07T14:38:22,baseline-udp30,none,1,icmp,1,rtt_min,0.75,ms
2026-10-07T14:38:22,baseline-udp30,none,1,icmp,1,rtt_avg,2.273,ms
2026-10-07T14:38:22,baseline-udp30,none,1,icmp,1,rtt_max,4.568,ms
2026-10-07T14:38:22,baseline-udp30,none,1,icmp,1,rtt_mdev,1.062,ms
2026-10-07T14:38:22,baseline-udp30,none,1,tcp,1,sender_mbps,1058.2914383221278,Mbit/s
2026-10-07T14:38:22,baseline-udp30,none,1,tcp,1,receiver_mbps,1057.0880013951937,Mbit/s
2026-10-07T14:38:22,baseline-udp30,none,1,tcp,1,retransmits,1058,count
2026-10-07T14:38:22,baseline-udp30,none,1,tcp,1,bytes,1321366080,bytes
2026-10-07T14:38:22,baseline-udp30,none,1,udp,1,offered_mbps,30.0,Mbit/s
2026-10-07T14:38:22,baseline-udp30,none,1,udp,1,received_mbps,30.000364764982564,Mbit/s
2026-10-07T14:38:22,baseline-udp30,none,1,udp,1,loss_pct,0,%
2026-10-07T14:38:22,baseline-udp30,none,1,udp,1,jitter_ms,0.03555896317768336,ms
2026-10-07T14:38:22,baseline-udp30,none,1,udp,1,packets,27822,count
2026-10-07T14:38:22,baseline-udp30,none,1,http,1,http_success,1,bool
2026-10-07T14:38:22,baseline-udp30,none,1,http,1,http_connect_ms,1.219,ms
2026-10-07T14:38:22,baseline-udp30,none,1,http,1,http_total_ms,1.933,ms
2026-10-07T14:38:22,baseline-udp30,none,1,http,1,http_size,896.0,bytes
2026-10-07T14:38:22,baseline-udp30,none,1,http,2,http_success,1,bool
2026-10-07T14:38:22,baseline-udp30,none,1,http,2,http_connect_ms,0.9,ms
2026-10-07T14:38:22,baseline-udp30,none,1,http,2,http_total_ms,1.4989999999999999,ms
2026-10-07T14:38:22,baseline-udp30,none,1,http,2,http_size,896.0,bytes
2026-10-07T14:38:22,baseline-udp30,none,1,http,3,http_success,1,bool
2026-10-07T14:38:22,baseline-udp30,none,1,http,3,http_connect_ms,1.1150000000000002,ms
2026-10-07T14:38:22,baseline-udp30,none,1,http,3,http_total_ms,1.865,ms
2026-10-07T14:38:22,baseline-udp30,none,1,http,3,http_size,896.0,bytes
2026-10-07T14:38:22,baseline-udp30,none,1,http,4,http_success,1,bool
2026-10-07T14:38:22,baseline-udp30,none,1,http,4,http_connect_ms,0.914,ms
2026-10-07T14:38:22,baseline-udp30,none,1,http,4,http_total_ms,1.49,ms
2026-10-07T14:38:22,baseline-udp30,none,1,http,4,http_size,896.0,bytes
2026-10-07T14:38:22,baseline-udp30,none,1,http,5,http_success,1,bool
2026-10-07T14:38:22,baseline-udp30,none,1,http,5,http_connect_ms,0.9610000000000001,ms
2026-10-07T14:38:22,baseline-udp30,none,1,http,5,http_total_ms,1.5659999999999998,ms
2026-10-07T14:38:22,baseline-udp30,none,1,http,5,http_size,896.0,bytes
2026-10-07T14:38:22,baseline-udp30,none,1,http,6,http_success,1,bool
2026-10-07T14:38:22,baseline-udp30,none,1,http,6,http_connect_ms,1.013,ms
2026-10-07T14:38:22,baseline-udp30,none,1,http,6,http_total_ms,1.6869999999999998,ms
2026-10-07T14:38:22,baseline-udp30,none,1,http,6,http_size,896.0,bytes
2026-10-07T14:38:22,baseline-udp30,none,1,http,7,http_success,1,bool
2026-10-07T14:38:22,baseline-udp30,none,1,http,7,http_connect_ms,0.9810000000000001,ms
2026-10-07T14:38:22,baseline-udp30,none,1,http,7,http_total_ms,1.621,ms
2026-10-07T14:38:22,baseline-udp30,none,1,http,7,http_size,896.0,bytes
2026-10-07T14:38:22,baseline-udp30,none,1,http,8,http_success,1,bool
2026-10-07T14:38:22,baseline-udp30,none,1,http,8,http_connect_ms,0.945,ms
2026-10-07T14:38:22,baseline-udp30,none,1,http,8,http_total_ms,1.555,ms
2026-10-07T14:38:22,baseline-udp30,none,1,http,8,http_size,896.0,bytes
2026-10-07T14:38:22,baseline-udp30,none,1,http,9,http_success,1,bool
2026-10-07T14:38:22,baseline-udp30,none,1,http,9,http_connect_ms,0.929,ms
2026-10-07T14:38:22,baseline-udp30,none,1,http,9,http_total_ms,1.638,ms
2026-10-07T14:38:22,baseline-udp30,none,1,http,9,http_size,896.0,bytes
2026-10-07T14:38:22,baseline-udp30,none,1,http,10,http_success,1,bool
2026-10-07T14:38:22,baseline-udp30,none,1,http,10,http_connect_ms,1.131,ms
2026-10-07T14:38:22,baseline-udp30,none,1,http,10,http_total_ms,1.861,ms
2026-10-07T14:38:22,baseline-udp30,none,1,http,10,http_size,896.0,bytes
2026-10-07T14:38:22,baseline-udp30,none,1,http,11,http_success,1,bool
2026-10-07T14:38:22,baseline-udp30,none,1,http,11,http_connect_ms,0.924,ms
2026-10-07T14:38:22,baseline-udp30,none,1,http,11,http_total_ms,1.568,ms
2026-10-07T14:38:22,baseline-udp30,none,1,http,11,http_size,896.0,bytes
2026-10-07T14:38:22,baseline-udp30,none,1,http,12,http_success,1,bool
2026-10-07T14:38:22,baseline-udp30,none,1,http,12,http_connect_ms,0.9309999999999999,ms
2026-10-07T14:38:22,baseline-udp30,none,1,http,12,http_total_ms,1.529,ms
2026-10-07T14:38:22,baseline-udp30,none,1,http,12,http_size,896.0,bytes
2026-10-07T14:38:22,baseline-udp30,none,1,http,13,http_success,1,bool
2026-10-07T14:38:22,baseline-udp30,none,1,http,13,http_connect_ms,0.884,ms
2026-10-07T14:38:22,baseline-udp30,none,1,http,13,http_total_ms,1.4729999999999999,ms
2026-10-07T14:38:22,baseline-udp30,none,1,http,13,http_size,896.0,bytes
2026-10-07T14:38:22,baseline-udp30,none,1,http,14,http_success,1,bool
2026-10-07T14:38:22,baseline-udp30,none,1,http,14,http_connect_ms,1.052,ms
2026-10-07T14:38:22,baseline-udp30,none,1,http,14,http_total_ms,1.739,ms
2026-10-07T14:38:22,baseline-udp30,none,1,http,14,http_size,896.0,bytes
2026-10-07T14:38:22,baseline-udp30,none,1,http,15,http_success,1,bool
2026-10-07T14:38:22,baseline-udp30,none,1,http,15,http_connect_ms,0.985,ms
2026-10-07T14:38:22,baseline-udp30,none,1,http,15,http_total_ms,1.562,ms
2026-10-07T14:38:22,baseline-udp30,none,1,http,15,http_size,896.0,bytes
2026-10-07T14:38:22,baseline-udp30,none,1,http,16,http_success,1,bool
2026-10-07T14:38:22,baseline-udp30,none,1,http,16,http_connect_ms,0.928,ms
2026-10-07T14:38:22,baseline-udp30,none,1,http,16,http_total_ms,1.526,ms
2026-10-07T14:38:22,baseline-udp30,none,1,http,16,http_size,896.0,bytes
2026-10-07T14:38:22,baseline-udp30,none,1,http,17,http_success,1,bool
2026-10-07T14:38:22,baseline-udp30,none,1,http,17,http_connect_ms,0.9890000000000001,ms
2026-10-07T14:38:22,baseline-udp30,none,1,http,17,http_total_ms,1.724,ms
2026-10-07T14:38:22,baseline-udp30,none,1,http,17,http_size,896.0,bytes
2026-10-07T14:38:22,baseline-udp30,none,1,http,18,http_success,1,bool
2026-10-07T14:38:22,baseline-udp30,none,1,http,18,http_connect_ms,0.9520000000000001,ms
2026-10-07T14:38:22,baseline-udp30,none,1,http,18,http_total_ms,1.5659999999999998,ms
2026-10-07T14:38:22,baseline-udp30,none,1,http,18,http_size,896.0,bytes
2026-10-07T14:38:22,baseline-udp30,none,1,http,19,http_success,1,bool
2026-10-07T14:38:22,baseline-udp30,none,1,http,19,http_connect_ms,0.902,ms
2026-10-07T14:38:22,baseline-udp30,none,1,http,19,http_total_ms,1.484,ms
2026-10-07T14:38:22,baseline-udp30,none,1,http,19,http_size,896.0,bytes
2026-10-07T14:38:22,baseline-udp30,none,1,http,20,http_success,1,bool
2026-10-07T14:38:22,baseline-udp30,none,1,http,20,http_connect_ms,0.884,ms
2026-10-07T14:38:22,baseline-udp30,none,1,http,20,http_total_ms,1.484,ms
2026-10-07T14:38:22,baseline-udp30,none,1,http,20,http_size,896.0,bytes
2026-10-07T14:38:56,baseline-udp30,none,2,icmp,1,packets_tx,50,count
2026-10-07T14:38:56,baseline-udp30,none,2,icmp,1,packets_rx,50,count
2026-10-07T14:38:56,baseline-udp30,none,2,icmp,1,loss_pct,0.0,%
2026-10-07T14:38:56,baseline-udp30,none,2,icmp,1,rtt_min,0.703,ms
2026-10-07T14:38:56,baseline-udp30,none,2,icmp,1,rtt_avg,2.591,ms
2026-10-07T14:38:56,baseline-udp30,none,2,icmp,1,rtt_max,4.595,ms
2026-10-07T14:38:56,baseline-udp30,none,2,icmp,1,rtt_mdev,0.985,ms
2026-10-07T14:38:56,baseline-udp30,none,2,tcp,1,sender_mbps,1057.3471057531185,Mbit/s
2026-10-07T14:38:56,baseline-udp30,none,2,tcp,1,receiver_mbps,1056.5214635332184,Mbit/s
2026-10-07T14:38:56,baseline-udp30,none,2,tcp,1,retransmits,1280,count
2026-10-07T14:38:56,baseline-udp30,none,2,tcp,1,bytes,1320665168,bytes
2026-10-07T14:38:56,baseline-udp30,none,2,udp,1,offered_mbps,30.0,Mbit/s
2026-10-07T14:38:56,baseline-udp30,none,2,udp,1,received_mbps,29.999902810826875,Mbit/s
2026-10-07T14:38:56,baseline-udp30,none,2,udp,1,loss_pct,0,%
2026-10-07T14:38:56,baseline-udp30,none,2,udp,1,jitter_ms,0.023265096241593057,ms
2026-10-07T14:38:56,baseline-udp30,none,2,udp,1,packets,27822,count
2026-10-07T14:38:56,baseline-udp30,none,2,http,1,http_success,1,bool
2026-10-07T14:38:56,baseline-udp30,none,2,http,1,http_connect_ms,1.236,ms
2026-10-07T14:38:56,baseline-udp30,none,2,http,1,http_total_ms,2.2030000000000003,ms
2026-10-07T14:38:56,baseline-udp30,none,2,http,1,http_size,896.0,bytes
2026-10-07T14:38:56,baseline-udp30,none,2,http,2,http_success,1,bool
2026-10-07T14:38:56,baseline-udp30,none,2,http,2,http_connect_ms,0.912,ms
2026-10-07T14:38:56,baseline-udp30,none,2,http,2,http_total_ms,1.6,ms
2026-10-07T14:38:56,baseline-udp30,none,2,http,2,http_size,896.0,bytes
2026-10-07T14:38:56,baseline-udp30,none,2,http,3,http_success,1,bool
2026-10-07T14:38:56,baseline-udp30,none,2,http,3,http_connect_ms,1.1260000000000001,ms
2026-10-07T14:38:56,baseline-udp30,none,2,http,3,http_total_ms,1.8860000000000001,ms
2026-10-07T14:38:56,baseline-udp30,none,2,http,3,http_size,896.0,bytes
2026-10-07T14:38:56,baseline-udp30,none,2,http,4,http_success,1,bool
2026-10-07T14:38:56,baseline-udp30,none,2,http,4,http_connect_ms,0.903,ms
2026-10-07T14:38:56,baseline-udp30,none,2,http,4,http_total_ms,1.498,ms
2026-10-07T14:38:56,baseline-udp30,none,2,http,4,http_size,896.0,bytes
2026-10-07T14:38:56,baseline-udp30,none,2,http,5,http_success,1,bool
2026-10-07T14:38:56,baseline-udp30,none,2,http,5,http_connect_ms,1.002,ms
2026-10-07T14:38:56,baseline-udp30,none,2,http,5,http_total_ms,1.7260000000000002,ms
2026-10-07T14:38:56,baseline-udp30,none,2,http,5,http_size,896.0,bytes
2026-10-07T14:38:56,baseline-udp30,none,2,http,6,http_success,1,bool
2026-10-07T14:38:56,baseline-udp30,none,2,http,6,http_connect_ms,0.9600000000000001,ms
2026-10-07T14:38:56,baseline-udp30,none,2,http,6,http_total_ms,1.479,ms
2026-10-07T14:38:56,baseline-udp30,none,2,http,6,http_size,896.0,bytes
2026-10-07T14:38:56,baseline-udp30,none,2,http,7,http_success,1,bool
2026-10-07T14:38:56,baseline-udp30,none,2,http,7,http_connect_ms,0.912,ms
2026-10-07T14:38:56,baseline-udp30,none,2,http,7,http_total_ms,1.527,ms
2026-10-07T14:38:56,baseline-udp30,none,2,http,7,http_size,896.0,bytes
2026-10-07T14:38:56,baseline-udp30,none,2,http,8,http_success,1,bool
2026-10-07T14:38:56,baseline-udp30,none,2,http,8,http_connect_ms,0.9840000000000001,ms
2026-10-07T14:38:56,baseline-udp30,none,2,http,8,http_total_ms,1.618,ms
2026-10-07T14:38:56,baseline-udp30,none,2,http,8,http_size,896.0,bytes
2026-10-07T14:38:56,baseline-udp30,none,2,http,9,http_success,1,bool
2026-10-07T14:38:56,baseline-udp30,none,2,http,9,http_connect_ms,0.828,ms
2026-10-07T14:38:56,baseline-udp30,none,2,http,9,http_total_ms,1.388,ms
2026-10-07T14:38:56,baseline-udp30,none,2,http,9,http_size,896.0,bytes
2026-10-07T14:38:56,baseline-udp30,none,2,http,10,http_success,1,bool
2026-10-07T14:38:56,baseline-udp30,none,2,http,10,http_connect_ms,0.885,ms
2026-10-07T14:38:56,baseline-udp30,none,2,http,10,http_total_ms,1.453,ms
2026-10-07T14:38:56,baseline-udp30,none,2,http,10,http_size,896.0,bytes
2026-10-07T14:38:56,baseline-udp30,none,2,http,11,http_success,1,bool
2026-10-07T14:38:56,baseline-udp30,none,2,http,11,http_connect_ms,1.09,ms
2026-10-07T14:38:56,baseline-udp30,none,2,http,11,http_total_ms,1.787,ms
2026-10-07T14:38:56,baseline-udp30,none,2,http,11,http_size,896.0,bytes
2026-10-07T14:38:56,baseline-udp30,none,2,http,12,http_success,1,bool
2026-10-07T14:38:56,baseline-udp30,none,2,http,12,http_connect_ms,0.9039999999999999,ms
2026-10-07T14:38:56,baseline-udp30,none,2,http,12,http_total_ms,1.5399999999999998,ms
2026-10-07T14:38:56,baseline-udp30,none,2,http,12,http_size,896.0,bytes
2026-10-07T14:38:56,baseline-udp30,none,2,http,13,http_success,1,bool
2026-10-07T14:38:56,baseline-udp30,none,2,http,13,http_connect_ms,0.893,ms
2026-10-07T14:38:56,baseline-udp30,none,2,http,13,http_total_ms,1.511,ms
2026-10-07T14:38:56,baseline-udp30,none,2,http,13,http_size,896.0,bytes
2026-10-07T14:38:56,baseline-udp30,none,2,http,14,http_success,1,bool
2026-10-07T14:38:56,baseline-udp30,none,2,http,14,http_connect_ms,0.907,ms
2026-10-07T14:38:56,baseline-udp30,none,2,http,14,http_total_ms,1.544,ms
2026-10-07T14:38:56,baseline-udp30,none,2,http,14,http_size,896.0,bytes
2026-10-07T14:38:56,baseline-udp30,none,2,http,15,http_success,1,bool
2026-10-07T14:38:56,baseline-udp30,none,2,http,15,http_connect_ms,0.894,ms
2026-10-07T14:38:56,baseline-udp30,none,2,http,15,http_total_ms,1.544,ms
2026-10-07T14:38:56,baseline-udp30,none,2,http,15,http_size,896.0,bytes
2026-10-07T14:38:56,baseline-udp30,none,2,http,16,http_success,1,bool
2026-10-07T14:38:56,baseline-udp30,none,2,http,16,http_connect_ms,0.9650000000000001,ms
2026-10-07T14:38:56,baseline-udp30,none,2,http,16,http_total_ms,1.526,ms
2026-10-07T14:38:56,baseline-udp30,none,2,http,16,http_size,896.0,bytes
2026-10-07T14:38:56,baseline-udp30,none,2,http,17,http_success,1,bool
2026-10-07T14:38:56,baseline-udp30,none,2,http,17,http_connect_ms,0.841,ms
2026-10-07T14:38:56,baseline-udp30,none,2,http,17,http_total_ms,1.379,ms
2026-10-07T14:38:56,baseline-udp30,none,2,http,17,http_size,896.0,bytes
2026-10-07T14:38:56,baseline-udp30,none,2,http,18,http_success,1,bool
2026-10-07T14:38:56,baseline-udp30,none,2,http,18,http_connect_ms,0.8989999999999999,ms
2026-10-07T14:38:56,baseline-udp30,none,2,http,18,http_total_ms,1.48,ms
2026-10-07T14:38:56,baseline-udp30,none,2,http,18,http_size,896.0,bytes
2026-10-07T14:38:56,baseline-udp30,none,2,http,19,http_success,1,bool
2026-10-07T14:38:56,baseline-udp30,none,2,http,19,http_connect_ms,0.887,ms
2026-10-07T14:38:56,baseline-udp30,none,2,http,19,http_total_ms,1.47,ms
2026-10-07T14:38:56,baseline-udp30,none,2,http,19,http_size,896.0,bytes
2026-10-07T14:38:56,baseline-udp30,none,2,http,20,http_success,1,bool
2026-10-07T14:38:56,baseline-udp30,none,2,http,20,http_connect_ms,0.93,ms
2026-10-07T14:38:56,baseline-udp30,none,2,http,20,http_total_ms,1.4929999999999999,ms
2026-10-07T14:38:56,baseline-udp30,none,2,http,20,http_size,896.0,bytes
2026-10-07T14:39:29,baseline-udp30,none,3,icmp,1,packets_tx,50,count
2026-10-07T14:39:29,baseline-udp30,none,3,icmp,1,packets_rx,50,count
2026-10-07T14:39:29,baseline-udp30,none,3,icmp,1,loss_pct,0.0,%
2026-10-07T14:39:29,baseline-udp30,none,3,icmp,1,rtt_min,0.58,ms
2026-10-07T14:39:29,baseline-udp30,none,3,icmp,1,rtt_avg,2.123,ms
2026-10-07T14:39:29,baseline-udp30,none,3,icmp,1,rtt_max,4.401,ms
2026-10-07T14:39:29,baseline-udp30,none,3,icmp,1,rtt_mdev,0.995,ms
2026-10-07T14:39:29,baseline-udp30,none,3,tcp,1,sender_mbps,1056.9607043435228,Mbit/s
2026-10-07T14:39:29,baseline-udp30,none,3,tcp,1,receiver_mbps,1055.8460746159076,Mbit/s
2026-10-07T14:39:29,baseline-udp30,none,3,tcp,1,retransmits,1300,count
2026-10-07T14:39:29,baseline-udp30,none,3,tcp,1,bytes,1319816304,bytes
2026-10-07T14:39:29,baseline-udp30,none,3,udp,1,offered_mbps,30.0,Mbit/s
2026-10-07T14:39:29,baseline-udp30,none,3,udp,1,received_mbps,30.000448758175736,Mbit/s
2026-10-07T14:39:29,baseline-udp30,none,3,udp,1,loss_pct,0,%
2026-10-07T14:39:29,baseline-udp30,none,3,udp,1,jitter_ms,0.044089866316483955,ms
2026-10-07T14:39:29,baseline-udp30,none,3,udp,1,packets,27822,count
2026-10-07T14:39:29,baseline-udp30,none,3,http,1,http_success,1,bool
2026-10-07T14:39:29,baseline-udp30,none,3,http,1,http_connect_ms,1.117,ms
2026-10-07T14:39:29,baseline-udp30,none,3,http,1,http_total_ms,1.8840000000000001,ms
2026-10-07T14:39:29,baseline-udp30,none,3,http,1,http_size,896.0,bytes
2026-10-07T14:39:29,baseline-udp30,none,3,http,2,http_success,1,bool
2026-10-07T14:39:29,baseline-udp30,none,3,http,2,http_connect_ms,0.95,ms
2026-10-07T14:39:29,baseline-udp30,none,3,http,2,http_total_ms,1.595,ms
2026-10-07T14:39:29,baseline-udp30,none,3,http,2,http_size,896.0,bytes
2026-10-07T14:39:29,baseline-udp30,none,3,http,3,http_success,1,bool
2026-10-07T14:39:29,baseline-udp30,none,3,http,3,http_connect_ms,1.026,ms
2026-10-07T14:39:29,baseline-udp30,none,3,http,3,http_total_ms,1.649,ms
2026-10-07T14:39:29,baseline-udp30,none,3,http,3,http_size,896.0,bytes
2026-10-07T14:39:29,baseline-udp30,none,3,http,4,http_success,1,bool
2026-10-07T14:39:29,baseline-udp30,none,3,http,4,http_connect_ms,0.847,ms
2026-10-07T14:39:29,baseline-udp30,none,3,http,4,http_total_ms,1.6900000000000002,ms
2026-10-07T14:39:29,baseline-udp30,none,3,http,4,http_size,896.0,bytes
2026-10-07T14:39:29,baseline-udp30,none,3,http,5,http_success,1,bool
2026-10-07T14:39:29,baseline-udp30,none,3,http,5,http_connect_ms,0.91,ms
2026-10-07T14:39:29,baseline-udp30,none,3,http,5,http_total_ms,1.4760000000000002,ms
2026-10-07T14:39:29,baseline-udp30,none,3,http,5,http_size,896.0,bytes
2026-10-07T14:39:29,baseline-udp30,none,3,http,6,http_success,1,bool
2026-10-07T14:39:29,baseline-udp30,none,3,http,6,http_connect_ms,0.879,ms
2026-10-07T14:39:29,baseline-udp30,none,3,http,6,http_total_ms,1.537,ms
2026-10-07T14:39:29,baseline-udp30,none,3,http,6,http_size,896.0,bytes
2026-10-07T14:39:29,baseline-udp30,none,3,http,7,http_success,1,bool
2026-10-07T14:39:29,baseline-udp30,none,3,http,7,http_connect_ms,0.95,ms
2026-10-07T14:39:29,baseline-udp30,none,3,http,7,http_total_ms,1.6700000000000002,ms
2026-10-07T14:39:29,baseline-udp30,none,3,http,7,http_size,896.0,bytes
2026-10-07T14:39:29,baseline-udp30,none,3,http,8,http_success,1,bool
2026-10-07T14:39:29,baseline-udp30,none,3,http,8,http_connect_ms,0.86,ms
2026-10-07T14:39:29,baseline-udp30,none,3,http,8,http_total_ms,1.496,ms
2026-10-07T14:39:29,baseline-udp30,none,3,http,8,http_size,896.0,bytes
2026-10-07T14:39:29,baseline-udp30,none,3,http,9,http_success,1,bool
2026-10-07T14:39:29,baseline-udp30,none,3,http,9,http_connect_ms,0.895,ms
2026-10-07T14:39:29,baseline-udp30,none,3,http,9,http_total_ms,1.496,ms
2026-10-07T14:39:29,baseline-udp30,none,3,http,9,http_size,896.0,bytes
2026-10-07T14:39:29,baseline-udp30,none,3,http,10,http_success,1,bool
2026-10-07T14:39:29,baseline-udp30,none,3,http,10,http_connect_ms,0.875,ms
2026-10-07T14:39:29,baseline-udp30,none,3,http,10,http_total_ms,1.647,ms
2026-10-07T14:39:29,baseline-udp30,none,3,http,10,http_size,896.0,bytes
2026-10-07T14:39:29,baseline-udp30,none,3,http,11,http_success,1,bool
2026-10-07T14:39:29,baseline-udp30,none,3,http,11,http_connect_ms,0.9359999999999999,ms
2026-10-07T14:39:29,baseline-udp30,none,3,http,11,http_total_ms,1.522,ms
2026-10-07T14:39:29,baseline-udp30,none,3,http,11,http_size,896.0,bytes
2026-10-07T14:39:29,baseline-udp30,none,3,http,12,http_success,1,bool
2026-10-07T14:39:29,baseline-udp30,none,3,http,12,http_connect_ms,0.839,ms
2026-10-07T14:39:29,baseline-udp30,none,3,http,12,http_total_ms,1.3860000000000001,ms
2026-10-07T14:39:29,baseline-udp30,none,3,http,12,http_size,896.0,bytes
2026-10-07T14:39:29,baseline-udp30,none,3,http,13,http_success,1,bool
2026-10-07T14:39:29,baseline-udp30,none,3,http,13,http_connect_ms,0.934,ms
2026-10-07T14:39:29,baseline-udp30,none,3,http,13,http_total_ms,1.519,ms
2026-10-07T14:39:29,baseline-udp30,none,3,http,13,http_size,896.0,bytes
2026-10-07T14:39:29,baseline-udp30,none,3,http,14,http_success,1,bool
2026-10-07T14:39:29,baseline-udp30,none,3,http,14,http_connect_ms,1.204,ms
2026-10-07T14:39:29,baseline-udp30,none,3,http,14,http_total_ms,1.831,ms
2026-10-07T14:39:29,baseline-udp30,none,3,http,14,http_size,896.0,bytes
2026-10-07T14:39:29,baseline-udp30,none,3,http,15,http_success,1,bool
2026-10-07T14:39:29,baseline-udp30,none,3,http,15,http_connect_ms,0.891,ms
2026-10-07T14:39:29,baseline-udp30,none,3,http,15,http_total_ms,1.528,ms
2026-10-07T14:39:29,baseline-udp30,none,3,http,15,http_size,896.0,bytes
2026-10-07T14:39:29,baseline-udp30,none,3,http,16,http_success,1,bool
2026-10-07T14:39:29,baseline-udp30,none,3,http,16,http_connect_ms,0.912,ms
2026-10-07T14:39:29,baseline-udp30,none,3,http,16,http_total_ms,1.5250000000000001,ms
2026-10-07T14:39:29,baseline-udp30,none,3,http,16,http_size,896.0,bytes
2026-10-07T14:39:29,baseline-udp30,none,3,http,17,http_success,1,bool
2026-10-07T14:39:29,baseline-udp30,none,3,http,17,http_connect_ms,0.8109999999999999,ms
2026-10-07T14:39:29,baseline-udp30,none,3,http,17,http_total_ms,1.503,ms
2026-10-07T14:39:29,baseline-udp30,none,3,http,17,http_size,896.0,bytes
2026-10-07T14:39:29,baseline-udp30,none,3,http,18,http_success,1,bool
2026-10-07T14:39:29,baseline-udp30,none,3,http,18,http_connect_ms,0.898,ms
2026-10-07T14:39:29,baseline-udp30,none,3,http,18,http_total_ms,1.498,ms
2026-10-07T14:39:29,baseline-udp30,none,3,http,18,http_size,896.0,bytes
2026-10-07T14:39:29,baseline-udp30,none,3,http,19,http_success,1,bool
2026-10-07T14:39:29,baseline-udp30,none,3,http,19,http_connect_ms,0.7969999999999999,ms
2026-10-07T14:39:29,baseline-udp30,none,3,http,19,http_total_ms,1.374,ms
2026-10-07T14:39:29,baseline-udp30,none,3,http,19,http_size,896.0,bytes
2026-10-07T14:39:29,baseline-udp30,none,3,http,20,http_success,1,bool
2026-10-07T14:39:29,baseline-udp30,none,3,http,20,http_connect_ms,0.852,ms
2026-10-07T14:39:29,baseline-udp30,none,3,http,20,http_total_ms,1.5070000000000001,ms
2026-10-07T14:39:29,baseline-udp30,none,3,http,20,http_size,896.0,bytes
2026-10-07T14:40:10,rate20mbit,N3,1,icmp,1,packets_tx,50,count
2026-10-07T14:40:10,rate20mbit,N3,1,icmp,1,packets_rx,50,count
2026-10-07T14:40:10,rate20mbit,N3,1,icmp,1,loss_pct,0.0,%
2026-10-07T14:40:10,rate20mbit,N3,1,icmp,1,rtt_min,0.783,ms
2026-10-07T14:40:10,rate20mbit,N3,1,icmp,1,rtt_avg,2.91,ms
2026-10-07T14:40:10,rate20mbit,N3,1,icmp,1,rtt_max,4.811,ms
2026-10-07T14:40:10,rate20mbit,N3,1,icmp,1,rtt_mdev,0.939,ms
2026-10-07T14:40:10,rate20mbit,N3,1,tcp,1,sender_mbps,21.07399202410287,Mbit/s
2026-10-07T14:40:10,rate20mbit,N3,1,tcp,1,receiver_mbps,18.4911417376968,Mbit/s
2026-10-07T14:40:10,rate20mbit,N3,1,tcp,1,retransmits,0,count
2026-10-07T14:40:10,rate20mbit,N3,1,tcp,1,bytes,23114156,bytes
2026-10-07T14:40:10,rate20mbit,N3,1,udp,1,offered_mbps,30.0,Mbit/s
2026-10-07T14:40:10,rate20mbit,N3,1,udp,1,received_mbps,29.999880409112826,Mbit/s
2026-10-07T14:40:10,rate20mbit,N3,1,udp,1,loss_pct,31.59843283850329,%
2026-10-07T14:40:10,rate20mbit,N3,1,udp,1,jitter_ms,0.17105450359031507,ms
2026-10-07T14:40:10,rate20mbit,N3,1,udp,1,packets,27821,count
2026-10-07T14:40:10,rate20mbit,N3,1,http,1,http_success,1,bool
2026-10-07T14:40:10,rate20mbit,N3,1,http,1,http_connect_ms,1.234,ms
2026-10-07T14:40:10,rate20mbit,N3,1,http,1,http_total_ms,2.348,ms
2026-10-07T14:40:10,rate20mbit,N3,1,http,1,http_size,896.0,bytes
2026-10-07T14:40:10,rate20mbit,N3,1,http,2,http_success,1,bool
2026-10-07T14:40:10,rate20mbit,N3,1,http,2,http_connect_ms,0.857,ms
2026-10-07T14:40:10,rate20mbit,N3,1,http,2,http_total_ms,1.949,ms
2026-10-07T14:40:10,rate20mbit,N3,1,http,2,http_size,896.0,bytes
2026-10-07T14:40:10,rate20mbit,N3,1,http,3,http_success,1,bool
2026-10-07T14:40:10,rate20mbit,N3,1,http,3,http_connect_ms,0.901,ms
2026-10-07T14:40:10,rate20mbit,N3,1,http,3,http_total_ms,2.013,ms
2026-10-07T14:40:10,rate20mbit,N3,1,http,3,http_size,896.0,bytes
2026-10-07T14:40:10,rate20mbit,N3,1,http,4,http_success,1,bool
2026-10-07T14:40:10,rate20mbit,N3,1,http,4,http_connect_ms,1.1280000000000001,ms
2026-10-07T14:40:10,rate20mbit,N3,1,http,4,http_total_ms,2.267,ms
2026-10-07T14:40:10,rate20mbit,N3,1,http,4,http_size,896.0,bytes
2026-10-07T14:40:10,rate20mbit,N3,1,http,5,http_success,1,bool
2026-10-07T14:40:10,rate20mbit,N3,1,http,5,http_connect_ms,1.016,ms
2026-10-07T14:40:10,rate20mbit,N3,1,http,5,http_total_ms,2.092,ms
2026-10-07T14:40:10,rate20mbit,N3,1,http,5,http_size,896.0,bytes
2026-10-07T14:40:10,rate20mbit,N3,1,http,6,http_success,1,bool
2026-10-07T14:40:10,rate20mbit,N3,1,http,6,http_connect_ms,0.895,ms
2026-10-07T14:40:10,rate20mbit,N3,1,http,6,http_total_ms,1.9789999999999999,ms
2026-10-07T14:40:10,rate20mbit,N3,1,http,6,http_size,896.0,bytes
2026-10-07T14:40:10,rate20mbit,N3,1,http,7,http_success,1,bool
2026-10-07T14:40:10,rate20mbit,N3,1,http,7,http_connect_ms,1.193,ms
2026-10-07T14:40:10,rate20mbit,N3,1,http,7,http_total_ms,2.3579999999999997,ms
2026-10-07T14:40:10,rate20mbit,N3,1,http,7,http_size,896.0,bytes
2026-10-07T14:40:10,rate20mbit,N3,1,http,8,http_success,1,bool
2026-10-07T14:40:10,rate20mbit,N3,1,http,8,http_connect_ms,0.971,ms
2026-10-07T14:40:10,rate20mbit,N3,1,http,8,http_total_ms,2.0669999999999997,ms
2026-10-07T14:40:10,rate20mbit,N3,1,http,8,http_size,896.0,bytes
2026-10-07T14:40:10,rate20mbit,N3,1,http,9,http_success,1,bool
2026-10-07T14:40:10,rate20mbit,N3,1,http,9,http_connect_ms,0.923,ms
2026-10-07T14:40:10,rate20mbit,N3,1,http,9,http_total_ms,1.99,ms
2026-10-07T14:40:10,rate20mbit,N3,1,http,9,http_size,896.0,bytes
2026-10-07T14:40:10,rate20mbit,N3,1,http,10,http_success,1,bool
2026-10-07T14:40:10,rate20mbit,N3,1,http,10,http_connect_ms,0.929,ms
2026-10-07T14:40:10,rate20mbit,N3,1,http,10,http_total_ms,2.088,ms
2026-10-07T14:40:10,rate20mbit,N3,1,http,10,http_size,896.0,bytes
2026-10-07T14:40:10,rate20mbit,N3,1,http,11,http_success,1,bool
2026-10-07T14:40:10,rate20mbit,N3,1,http,11,http_connect_ms,1.044,ms
2026-10-07T14:40:10,rate20mbit,N3,1,http,11,http_total_ms,2.159,ms
2026-10-07T14:40:10,rate20mbit,N3,1,http,11,http_size,896.0,bytes
2026-10-07T14:40:10,rate20mbit,N3,1,http,12,http_success,1,bool
2026-10-07T14:40:10,rate20mbit,N3,1,http,12,http_connect_ms,0.987,ms
2026-10-07T14:40:10,rate20mbit,N3,1,http,12,http_total_ms,2.1029999999999998,ms
2026-10-07T14:40:10,rate20mbit,N3,1,http,12,http_size,896.0,bytes
2026-10-07T14:40:10,rate20mbit,N3,1,http,13,http_success,1,bool
2026-10-07T14:40:10,rate20mbit,N3,1,http,13,http_connect_ms,0.85,ms
2026-10-07T14:40:10,rate20mbit,N3,1,http,13,http_total_ms,2.249,ms
2026-10-07T14:40:10,rate20mbit,N3,1,http,13,http_size,896.0,bytes
2026-10-07T14:40:10,rate20mbit,N3,1,http,14,http_success,1,bool
2026-10-07T14:40:10,rate20mbit,N3,1,http,14,http_connect_ms,1.013,ms
2026-10-07T14:40:10,rate20mbit,N3,1,http,14,http_total_ms,2.0860000000000003,ms
2026-10-07T14:40:10,rate20mbit,N3,1,http,14,http_size,896.0,bytes
2026-10-07T14:40:10,rate20mbit,N3,1,http,15,http_success,1,bool
2026-10-07T14:40:10,rate20mbit,N3,1,http,15,http_connect_ms,0.94,ms
2026-10-07T14:40:10,rate20mbit,N3,1,http,15,http_total_ms,2.0300000000000002,ms
2026-10-07T14:40:10,rate20mbit,N3,1,http,15,http_size,896.0,bytes
2026-10-07T14:40:10,rate20mbit,N3,1,http,16,http_success,1,bool
2026-10-07T14:40:10,rate20mbit,N3,1,http,16,http_connect_ms,0.876,ms
2026-10-07T14:40:10,rate20mbit,N3,1,http,16,http_total_ms,2.1719999999999997,ms
2026-10-07T14:40:10,rate20mbit,N3,1,http,16,http_size,896.0,bytes
2026-10-07T14:40:10,rate20mbit,N3,1,http,17,http_success,1,bool
2026-10-07T14:40:10,rate20mbit,N3,1,http,17,http_connect_ms,0.925,ms
2026-10-07T14:40:10,rate20mbit,N3,1,http,17,http_total_ms,2.084,ms
2026-10-07T14:40:10,rate20mbit,N3,1,http,17,http_size,896.0,bytes
2026-10-07T14:40:10,rate20mbit,N3,1,http,18,http_success,1,bool
2026-10-07T14:40:10,rate20mbit,N3,1,http,18,http_connect_ms,1.027,ms
2026-10-07T14:40:10,rate20mbit,N3,1,http,18,http_total_ms,2.1940000000000004,ms
2026-10-07T14:40:10,rate20mbit,N3,1,http,18,http_size,896.0,bytes
2026-10-07T14:40:10,rate20mbit,N3,1,http,19,http_success,1,bool
2026-10-07T14:40:10,rate20mbit,N3,1,http,19,http_connect_ms,3.1710000000000003,ms
2026-10-07T14:40:10,rate20mbit,N3,1,http,19,http_total_ms,4.365,ms
2026-10-07T14:40:10,rate20mbit,N3,1,http,19,http_size,896.0,bytes
2026-10-07T14:40:10,rate20mbit,N3,1,http,20,http_success,1,bool
2026-10-07T14:40:10,rate20mbit,N3,1,http,20,http_connect_ms,1.635,ms
2026-10-07T14:40:10,rate20mbit,N3,1,http,20,http_total_ms,2.9,ms
2026-10-07T14:40:10,rate20mbit,N3,1,http,20,http_size,896.0,bytes
2026-10-07T14:40:45,rate20mbit,N3,2,icmp,1,packets_tx,50,count
2026-10-07T14:40:45,rate20mbit,N3,2,icmp,1,packets_rx,50,count
2026-10-07T14:40:45,rate20mbit,N3,2,icmp,1,loss_pct,0.0,%
2026-10-07T14:40:45,rate20mbit,N3,2,icmp,1,rtt_min,0.738,ms
2026-10-07T14:40:45,rate20mbit,N3,2,icmp,1,rtt_avg,1.63,ms
2026-10-07T14:40:45,rate20mbit,N3,2,icmp,1,rtt_max,4.199,ms
2026-10-07T14:40:45,rate20mbit,N3,2,icmp,1,rtt_mdev,0.856,ms
2026-10-07T14:40:45,rate20mbit,N3,2,tcp,1,sender_mbps,21.179593781481934,Mbit/s
2026-10-07T14:40:45,rate20mbit,N3,2,tcp,1,receiver_mbps,18.49008183827164,Mbit/s
2026-10-07T14:40:45,rate20mbit,N3,2,tcp,1,retransmits,0,count
2026-10-07T14:40:45,rate20mbit,N3,2,tcp,1,bytes,23112808,bytes
2026-10-07T14:40:45,rate20mbit,N3,2,udp,1,offered_mbps,30.0,Mbit/s
2026-10-07T14:40:45,rate20mbit,N3,2,udp,1,received_mbps,29.99994620784827,Mbit/s
2026-10-07T14:40:45,rate20mbit,N3,2,udp,1,loss_pct,31.59975559788664,%
2026-10-07T14:40:45,rate20mbit,N3,2,udp,1,jitter_ms,0.11375162001875806,ms
2026-10-07T14:40:45,rate20mbit,N3,2,udp,1,packets,27823,count
2026-10-07T14:40:45,rate20mbit,N3,2,http,1,http_success,1,bool
2026-10-07T14:40:45,rate20mbit,N3,2,http,1,http_connect_ms,1.36,ms
2026-10-07T14:40:45,rate20mbit,N3,2,http,1,http_total_ms,2.779,ms
2026-10-07T14:40:45,rate20mbit,N3,2,http,1,http_size,896.0,bytes
2026-10-07T14:40:45,rate20mbit,N3,2,http,2,http_success,1,bool
2026-10-07T14:40:45,rate20mbit,N3,2,http,2,http_connect_ms,1.123,ms
2026-10-07T14:40:45,rate20mbit,N3,2,http,2,http_total_ms,2.327,ms
2026-10-07T14:40:45,rate20mbit,N3,2,http,2,http_size,896.0,bytes
2026-10-07T14:40:45,rate20mbit,N3,2,http,3,http_success,1,bool
2026-10-07T14:40:45,rate20mbit,N3,2,http,3,http_connect_ms,1.155,ms
2026-10-07T14:40:45,rate20mbit,N3,2,http,3,http_total_ms,2.4160000000000004,ms
2026-10-07T14:40:45,rate20mbit,N3,2,http,3,http_size,896.0,bytes
2026-10-07T14:40:45,rate20mbit,N3,2,http,4,http_success,1,bool
2026-10-07T14:40:45,rate20mbit,N3,2,http,4,http_connect_ms,1.163,ms
2026-10-07T14:40:45,rate20mbit,N3,2,http,4,http_total_ms,2.362,ms
2026-10-07T14:40:45,rate20mbit,N3,2,http,4,http_size,896.0,bytes
2026-10-07T14:40:45,rate20mbit,N3,2,http,5,http_success,1,bool
2026-10-07T14:40:45,rate20mbit,N3,2,http,5,http_connect_ms,1.0690000000000002,ms
2026-10-07T14:40:45,rate20mbit,N3,2,http,5,http_total_ms,2.3080000000000003,ms
2026-10-07T14:40:45,rate20mbit,N3,2,http,5,http_size,896.0,bytes
2026-10-07T14:40:45,rate20mbit,N3,2,http,6,http_success,1,bool
2026-10-07T14:40:45,rate20mbit,N3,2,http,6,http_connect_ms,1.2,ms
2026-10-07T14:40:45,rate20mbit,N3,2,http,6,http_total_ms,2.341,ms
2026-10-07T14:40:45,rate20mbit,N3,2,http,6,http_size,896.0,bytes
2026-10-07T14:40:45,rate20mbit,N3,2,http,7,http_success,1,bool
2026-10-07T14:40:45,rate20mbit,N3,2,http,7,http_connect_ms,1.135,ms
2026-10-07T14:40:45,rate20mbit,N3,2,http,7,http_total_ms,2.306,ms
2026-10-07T14:40:45,rate20mbit,N3,2,http,7,http_size,896.0,bytes
2026-10-07T14:40:45,rate20mbit,N3,2,http,8,http_success,1,bool
2026-10-07T14:40:45,rate20mbit,N3,2,http,8,http_connect_ms,1.23,ms
2026-10-07T14:40:45,rate20mbit,N3,2,http,8,http_total_ms,2.403,ms
2026-10-07T14:40:45,rate20mbit,N3,2,http,8,http_size,896.0,bytes
2026-10-07T14:40:45,rate20mbit,N3,2,http,9,http_success,1,bool
2026-10-07T14:40:45,rate20mbit,N3,2,http,9,http_connect_ms,1.463,ms
2026-10-07T14:40:45,rate20mbit,N3,2,http,9,http_total_ms,2.912,ms
2026-10-07T14:40:45,rate20mbit,N3,2,http,9,http_size,896.0,bytes
2026-10-07T14:40:45,rate20mbit,N3,2,http,10,http_success,1,bool
2026-10-07T14:40:45,rate20mbit,N3,2,http,10,http_connect_ms,1.083,ms
2026-10-07T14:40:45,rate20mbit,N3,2,http,10,http_total_ms,2.3080000000000003,ms
2026-10-07T14:40:45,rate20mbit,N3,2,http,10,http_size,896.0,bytes
2026-10-07T14:40:45,rate20mbit,N3,2,http,11,http_success,1,bool
2026-10-07T14:40:45,rate20mbit,N3,2,http,11,http_connect_ms,1.35,ms
2026-10-07T14:40:45,rate20mbit,N3,2,http,11,http_total_ms,2.675,ms
2026-10-07T14:40:45,rate20mbit,N3,2,http,11,http_size,896.0,bytes
2026-10-07T14:40:45,rate20mbit,N3,2,http,12,http_success,1,bool
2026-10-07T14:40:45,rate20mbit,N3,2,http,12,http_connect_ms,1.2750000000000001,ms
2026-10-07T14:40:45,rate20mbit,N3,2,http,12,http_total_ms,2.601,ms
2026-10-07T14:40:45,rate20mbit,N3,2,http,12,http_size,896.0,bytes
2026-10-07T14:40:45,rate20mbit,N3,2,http,13,http_success,1,bool
2026-10-07T14:40:45,rate20mbit,N3,2,http,13,http_connect_ms,1.21,ms
2026-10-07T14:40:45,rate20mbit,N3,2,http,13,http_total_ms,2.5149999999999997,ms
2026-10-07T14:40:45,rate20mbit,N3,2,http,13,http_size,896.0,bytes
2026-10-07T14:40:45,rate20mbit,N3,2,http,14,http_success,1,bool
2026-10-07T14:40:45,rate20mbit,N3,2,http,14,http_connect_ms,1.341,ms
2026-10-07T14:40:45,rate20mbit,N3,2,http,14,http_total_ms,2.7009999999999996,ms
2026-10-07T14:40:45,rate20mbit,N3,2,http,14,http_size,896.0,bytes
2026-10-07T14:40:45,rate20mbit,N3,2,http,15,http_success,1,bool
2026-10-07T14:40:45,rate20mbit,N3,2,http,15,http_connect_ms,1.1800000000000002,ms
2026-10-07T14:40:45,rate20mbit,N3,2,http,15,http_total_ms,2.3249999999999997,ms
2026-10-07T14:40:45,rate20mbit,N3,2,http,15,http_size,896.0,bytes
2026-10-07T14:40:45,rate20mbit,N3,2,http,16,http_success,1,bool
2026-10-07T14:40:45,rate20mbit,N3,2,http,16,http_connect_ms,1.217,ms
2026-10-07T14:40:45,rate20mbit,N3,2,http,16,http_total_ms,2.387,ms
2026-10-07T14:40:45,rate20mbit,N3,2,http,16,http_size,896.0,bytes
2026-10-07T14:40:45,rate20mbit,N3,2,http,17,http_success,1,bool
2026-10-07T14:40:45,rate20mbit,N3,2,http,17,http_connect_ms,1.321,ms
2026-10-07T14:40:45,rate20mbit,N3,2,http,17,http_total_ms,2.595,ms
2026-10-07T14:40:45,rate20mbit,N3,2,http,17,http_size,896.0,bytes
2026-10-07T14:40:45,rate20mbit,N3,2,http,18,http_success,1,bool
2026-10-07T14:40:45,rate20mbit,N3,2,http,18,http_connect_ms,1.059,ms
2026-10-07T14:40:45,rate20mbit,N3,2,http,18,http_total_ms,2.408,ms
2026-10-07T14:40:45,rate20mbit,N3,2,http,18,http_size,896.0,bytes
2026-10-07T14:40:45,rate20mbit,N3,2,http,19,http_success,1,bool
2026-10-07T14:40:45,rate20mbit,N3,2,http,19,http_connect_ms,1.217,ms
2026-10-07T14:40:45,rate20mbit,N3,2,http,19,http_total_ms,2.366,ms
2026-10-07T14:40:45,rate20mbit,N3,2,http,19,http_size,896.0,bytes
2026-10-07T14:40:45,rate20mbit,N3,2,http,20,http_success,1,bool
2026-10-07T14:40:45,rate20mbit,N3,2,http,20,http_connect_ms,1.2149999999999999,ms
2026-10-07T14:40:45,rate20mbit,N3,2,http,20,http_total_ms,2.46,ms
2026-10-07T14:40:45,rate20mbit,N3,2,http,20,http_size,896.0,bytes
2026-10-07T14:41:21,rate20mbit,N3,3,icmp,1,packets_tx,50,count
2026-10-07T14:41:21,rate20mbit,N3,3,icmp,1,packets_rx,50,count
2026-10-07T14:41:21,rate20mbit,N3,3,icmp,1,loss_pct,0.0,%
2026-10-07T14:41:21,rate20mbit,N3,3,icmp,1,rtt_min,0.862,ms
2026-10-07T14:41:21,rate20mbit,N3,3,icmp,1,rtt_avg,2.644,ms
2026-10-07T14:41:21,rate20mbit,N3,3,icmp,1,rtt_max,4.798,ms
2026-10-07T14:41:21,rate20mbit,N3,3,icmp,1,rtt_mdev,1.065,ms
2026-10-07T14:41:21,rate20mbit,N3,3,tcp,1,sender_mbps,21.074546221933314,Mbit/s
2026-10-07T14:41:21,rate20mbit,N3,3,tcp,1,receiver_mbps,18.49118426699957,Mbit/s
2026-10-07T14:41:21,rate20mbit,N3,3,tcp,1,retransmits,0,count
2026-10-07T14:41:21,rate20mbit,N3,3,tcp,1,bytes,23114156,bytes
2026-10-07T14:41:21,rate20mbit,N3,3,udp,1,offered_mbps,30.0,Mbit/s
2026-10-07T14:41:21,rate20mbit,N3,3,udp,1,received_mbps,30.00026116463831,Mbit/s
2026-10-07T14:41:21,rate20mbit,N3,3,udp,1,loss_pct,31.596161449160768,%
2026-10-07T14:41:21,rate20mbit,N3,3,udp,1,jitter_ms,0.17361514768636863,ms
2026-10-07T14:41:21,rate20mbit,N3,3,udp,1,packets,27823,count
2026-10-07T14:41:21,rate20mbit,N3,3,http,1,http_success,1,bool
2026-10-07T14:41:21,rate20mbit,N3,3,http,1,http_connect_ms,1.5479999999999998,ms
2026-10-07T14:41:21,rate20mbit,N3,3,http,1,http_total_ms,2.847,ms
2026-10-07T14:41:21,rate20mbit,N3,3,http,1,http_size,896.0,bytes
2026-10-07T14:41:21,rate20mbit,N3,3,http,2,http_success,1,bool
2026-10-07T14:41:21,rate20mbit,N3,3,http,2,http_connect_ms,1.165,ms
2026-10-07T14:41:21,rate20mbit,N3,3,http,2,http_total_ms,2.3449999999999998,ms
2026-10-07T14:41:21,rate20mbit,N3,3,http,2,http_size,896.0,bytes
2026-10-07T14:41:21,rate20mbit,N3,3,http,3,http_success,1,bool
2026-10-07T14:41:21,rate20mbit,N3,3,http,3,http_connect_ms,1.002,ms
2026-10-07T14:41:21,rate20mbit,N3,3,http,3,http_total_ms,2.143,ms
2026-10-07T14:41:21,rate20mbit,N3,3,http,3,http_size,896.0,bytes
2026-10-07T14:41:21,rate20mbit,N3,3,http,4,http_success,1,bool
2026-10-07T14:41:21,rate20mbit,N3,3,http,4,http_connect_ms,1.019,ms
2026-10-07T14:41:21,rate20mbit,N3,3,http,4,http_total_ms,2.163,ms
2026-10-07T14:41:21,rate20mbit,N3,3,http,4,http_size,896.0,bytes
2026-10-07T14:41:21,rate20mbit,N3,3,http,5,http_success,1,bool
2026-10-07T14:41:21,rate20mbit,N3,3,http,5,http_connect_ms,1.031,ms
2026-10-07T14:41:21,rate20mbit,N3,3,http,5,http_total_ms,2.315,ms
2026-10-07T14:41:21,rate20mbit,N3,3,http,5,http_size,896.0,bytes
2026-10-07T14:41:21,rate20mbit,N3,3,http,6,http_success,1,bool
2026-10-07T14:41:21,rate20mbit,N3,3,http,6,http_connect_ms,1.0790000000000002,ms
2026-10-07T14:41:21,rate20mbit,N3,3,http,6,http_total_ms,2.235,ms
2026-10-07T14:41:21,rate20mbit,N3,3,http,6,http_size,896.0,bytes
2026-10-07T14:41:21,rate20mbit,N3,3,http,7,http_success,1,bool
2026-10-07T14:41:21,rate20mbit,N3,3,http,7,http_connect_ms,0.962,ms
2026-10-07T14:41:21,rate20mbit,N3,3,http,7,http_total_ms,2.118,ms
2026-10-07T14:41:21,rate20mbit,N3,3,http,7,http_size,896.0,bytes
2026-10-07T14:41:21,rate20mbit,N3,3,http,8,http_success,1,bool
2026-10-07T14:41:21,rate20mbit,N3,3,http,8,http_connect_ms,1.047,ms
2026-10-07T14:41:21,rate20mbit,N3,3,http,8,http_total_ms,2.2560000000000002,ms
2026-10-07T14:41:21,rate20mbit,N3,3,http,8,http_size,896.0,bytes
2026-10-07T14:41:21,rate20mbit,N3,3,http,9,http_success,1,bool
2026-10-07T14:41:21,rate20mbit,N3,3,http,9,http_connect_ms,1.17,ms
2026-10-07T14:41:21,rate20mbit,N3,3,http,9,http_total_ms,2.382,ms
2026-10-07T14:41:21,rate20mbit,N3,3,http,9,http_size,896.0,bytes
2026-10-07T14:41:21,rate20mbit,N3,3,http,10,http_success,1,bool
2026-10-07T14:41:21,rate20mbit,N3,3,http,10,http_connect_ms,1.171,ms
2026-10-07T14:41:21,rate20mbit,N3,3,http,10,http_total_ms,2.432,ms
2026-10-07T14:41:21,rate20mbit,N3,3,http,10,http_size,896.0,bytes
2026-10-07T14:41:21,rate20mbit,N3,3,http,11,http_success,1,bool
2026-10-07T14:41:21,rate20mbit,N3,3,http,11,http_connect_ms,1.511,ms
2026-10-07T14:41:21,rate20mbit,N3,3,http,11,http_total_ms,2.843,ms
2026-10-07T14:41:21,rate20mbit,N3,3,http,11,http_size,896.0,bytes
2026-10-07T14:41:21,rate20mbit,N3,3,http,12,http_success,1,bool
2026-10-07T14:41:21,rate20mbit,N3,3,http,12,http_connect_ms,1.2409999999999999,ms
2026-10-07T14:41:21,rate20mbit,N3,3,http,12,http_total_ms,2.593,ms
2026-10-07T14:41:21,rate20mbit,N3,3,http,12,http_size,896.0,bytes
2026-10-07T14:41:21,rate20mbit,N3,3,http,13,http_success,1,bool
2026-10-07T14:41:21,rate20mbit,N3,3,http,13,http_connect_ms,1.16,ms
2026-10-07T14:41:21,rate20mbit,N3,3,http,13,http_total_ms,2.356,ms
2026-10-07T14:41:21,rate20mbit,N3,3,http,13,http_size,896.0,bytes
2026-10-07T14:41:21,rate20mbit,N3,3,http,14,http_success,1,bool
2026-10-07T14:41:21,rate20mbit,N3,3,http,14,http_connect_ms,1.15,ms
2026-10-07T14:41:21,rate20mbit,N3,3,http,14,http_total_ms,2.326,ms
2026-10-07T14:41:21,rate20mbit,N3,3,http,14,http_size,896.0,bytes
2026-10-07T14:41:21,rate20mbit,N3,3,http,15,http_success,1,bool
2026-10-07T14:41:21,rate20mbit,N3,3,http,15,http_connect_ms,1.183,ms
2026-10-07T14:41:21,rate20mbit,N3,3,http,15,http_total_ms,2.46,ms
2026-10-07T14:41:21,rate20mbit,N3,3,http,15,http_size,896.0,bytes
2026-10-07T14:41:21,rate20mbit,N3,3,http,16,http_success,1,bool
2026-10-07T14:41:21,rate20mbit,N3,3,http,16,http_connect_ms,1.306,ms
2026-10-07T14:41:21,rate20mbit,N3,3,http,16,http_total_ms,2.4699999999999998,ms
2026-10-07T14:41:21,rate20mbit,N3,3,http,16,http_size,896.0,bytes
2026-10-07T14:41:21,rate20mbit,N3,3,http,17,http_success,1,bool
2026-10-07T14:41:21,rate20mbit,N3,3,http,17,http_connect_ms,1.07,ms
2026-10-07T14:41:21,rate20mbit,N3,3,http,17,http_total_ms,2.2239999999999998,ms
2026-10-07T14:41:21,rate20mbit,N3,3,http,17,http_size,896.0,bytes
2026-10-07T14:41:21,rate20mbit,N3,3,http,18,http_success,1,bool
2026-10-07T14:41:21,rate20mbit,N3,3,http,18,http_connect_ms,1.031,ms
2026-10-07T14:41:21,rate20mbit,N3,3,http,18,http_total_ms,2.1879999999999997,ms
2026-10-07T14:41:21,rate20mbit,N3,3,http,18,http_size,896.0,bytes
2026-10-07T14:41:21,rate20mbit,N3,3,http,19,http_success,1,bool
2026-10-07T14:41:21,rate20mbit,N3,3,http,19,http_connect_ms,1.028,ms
2026-10-07T14:41:21,rate20mbit,N3,3,http,19,http_total_ms,2.357,ms
2026-10-07T14:41:21,rate20mbit,N3,3,http,19,http_size,896.0,bytes
2026-10-07T14:41:21,rate20mbit,N3,3,http,20,http_success,1,bool
2026-10-07T14:41:21,rate20mbit,N3,3,http,20,http_connect_ms,1.0430000000000001,ms
2026-10-07T14:41:21,rate20mbit,N3,3,http,20,http_total_ms,2.234,ms
2026-10-07T14:41:21,rate20mbit,N3,3,http,20,http_size,896.0,bytes
2026-10-07T14:42:04,rate20mbit,N6,1,icmp,1,packets_tx,50,count
2026-10-07T14:42:04,rate20mbit,N6,1,icmp,1,packets_rx,50,count
2026-10-07T14:42:04,rate20mbit,N6,1,icmp,1,loss_pct,0.0,%
2026-10-07T14:42:04,rate20mbit,N6,1,icmp,1,rtt_min,0.648,ms
2026-10-07T14:42:04,rate20mbit,N6,1,icmp,1,rtt_avg,2.773,ms
2026-10-07T14:42:04,rate20mbit,N6,1,icmp,1,rtt_max,4.824,ms
2026-10-07T14:42:04,rate20mbit,N6,1,icmp,1,rtt_mdev,1.101,ms
2026-10-07T14:42:04,rate20mbit,N6,1,tcp,1,sender_mbps,21.597991768619043,Mbit/s
2026-10-07T14:42:04,rate20mbit,N6,1,tcp,1,receiver_mbps,19.0605482070094,Mbit/s
2026-10-07T14:42:04,rate20mbit,N6,1,tcp,1,retransmits,0,count
2026-10-07T14:42:04,rate20mbit,N6,1,tcp,1,bytes,23826076,bytes
2026-10-07T14:42:04,rate20mbit,N6,1,udp,1,offered_mbps,30.0,Mbit/s
2026-10-07T14:42:04,rate20mbit,N6,1,udp,1,received_mbps,30.0002807722597,Mbit/s
2026-10-07T14:42:04,rate20mbit,N6,1,udp,1,loss_pct,29.792969592408884,%
2026-10-07T14:42:04,rate20mbit,N6,1,udp,1,jitter_ms,0.15954749375819655,ms
2026-10-07T14:42:04,rate20mbit,N6,1,udp,1,packets,27822,count
2026-10-07T14:42:04,rate20mbit,N6,1,http,1,http_success,1,bool
2026-10-07T14:42:04,rate20mbit,N6,1,http,1,http_connect_ms,1.0430000000000001,ms
2026-10-07T14:42:04,rate20mbit,N6,1,http,1,http_total_ms,2.387,ms
2026-10-07T14:42:04,rate20mbit,N6,1,http,1,http_size,896.0,bytes
2026-10-07T14:42:04,rate20mbit,N6,1,http,2,http_success,1,bool
2026-10-07T14:42:04,rate20mbit,N6,1,http,2,http_connect_ms,1.0430000000000001,ms
2026-10-07T14:42:04,rate20mbit,N6,1,http,2,http_total_ms,2.1069999999999998,ms
2026-10-07T14:42:04,rate20mbit,N6,1,http,2,http_size,896.0,bytes
2026-10-07T14:42:04,rate20mbit,N6,1,http,3,http_success,1,bool
2026-10-07T14:42:04,rate20mbit,N6,1,http,3,http_connect_ms,0.878,ms
2026-10-07T14:42:04,rate20mbit,N6,1,http,3,http_total_ms,1.893,ms
2026-10-07T14:42:04,rate20mbit,N6,1,http,3,http_size,896.0,bytes
2026-10-07T14:42:04,rate20mbit,N6,1,http,4,http_success,1,bool
2026-10-07T14:42:04,rate20mbit,N6,1,http,4,http_connect_ms,0.88,ms
2026-10-07T14:42:04,rate20mbit,N6,1,http,4,http_total_ms,1.907,ms
2026-10-07T14:42:04,rate20mbit,N6,1,http,4,http_size,896.0,bytes
2026-10-07T14:42:04,rate20mbit,N6,1,http,5,http_success,1,bool
2026-10-07T14:42:04,rate20mbit,N6,1,http,5,http_connect_ms,0.9,ms
2026-10-07T14:42:04,rate20mbit,N6,1,http,5,http_total_ms,1.944,ms
2026-10-07T14:42:04,rate20mbit,N6,1,http,5,http_size,896.0,bytes
2026-10-07T14:42:04,rate20mbit,N6,1,http,6,http_success,1,bool
2026-10-07T14:42:04,rate20mbit,N6,1,http,6,http_connect_ms,0.894,ms
2026-10-07T14:42:04,rate20mbit,N6,1,http,6,http_total_ms,1.9020000000000001,ms
2026-10-07T14:42:04,rate20mbit,N6,1,http,6,http_size,896.0,bytes
2026-10-07T14:42:04,rate20mbit,N6,1,http,7,http_success,1,bool
2026-10-07T14:42:04,rate20mbit,N6,1,http,7,http_connect_ms,0.9179999999999999,ms
2026-10-07T14:42:04,rate20mbit,N6,1,http,7,http_total_ms,1.918,ms
2026-10-07T14:42:04,rate20mbit,N6,1,http,7,http_size,896.0,bytes
2026-10-07T14:42:04,rate20mbit,N6,1,http,8,http_success,1,bool
2026-10-07T14:42:04,rate20mbit,N6,1,http,8,http_connect_ms,0.8899999999999999,ms
2026-10-07T14:42:04,rate20mbit,N6,1,http,8,http_total_ms,2.072,ms
2026-10-07T14:42:04,rate20mbit,N6,1,http,8,http_size,896.0,bytes
2026-10-07T14:42:04,rate20mbit,N6,1,http,9,http_success,1,bool
2026-10-07T14:42:04,rate20mbit,N6,1,http,9,http_connect_ms,0.977,ms
2026-10-07T14:42:04,rate20mbit,N6,1,http,9,http_total_ms,2.009,ms
2026-10-07T14:42:04,rate20mbit,N6,1,http,9,http_size,896.0,bytes
2026-10-07T14:42:04,rate20mbit,N6,1,http,10,http_success,1,bool
2026-10-07T14:42:04,rate20mbit,N6,1,http,10,http_connect_ms,0.862,ms
2026-10-07T14:42:04,rate20mbit,N6,1,http,10,http_total_ms,1.899,ms
2026-10-07T14:42:04,rate20mbit,N6,1,http,10,http_size,896.0,bytes
2026-10-07T14:42:04,rate20mbit,N6,1,http,11,http_success,1,bool
2026-10-07T14:42:04,rate20mbit,N6,1,http,11,http_connect_ms,0.8400000000000001,ms
2026-10-07T14:42:04,rate20mbit,N6,1,http,11,http_total_ms,1.961,ms
2026-10-07T14:42:04,rate20mbit,N6,1,http,11,http_size,896.0,bytes
2026-10-07T14:42:04,rate20mbit,N6,1,http,12,http_success,1,bool
2026-10-07T14:42:04,rate20mbit,N6,1,http,12,http_connect_ms,1.129,ms
2026-10-07T14:42:04,rate20mbit,N6,1,http,12,http_total_ms,2.155,ms
2026-10-07T14:42:04,rate20mbit,N6,1,http,12,http_size,896.0,bytes
2026-10-07T14:42:04,rate20mbit,N6,1,http,13,http_success,1,bool
2026-10-07T14:42:04,rate20mbit,N6,1,http,13,http_connect_ms,0.862,ms
2026-10-07T14:42:04,rate20mbit,N6,1,http,13,http_total_ms,1.906,ms
2026-10-07T14:42:04,rate20mbit,N6,1,http,13,http_size,896.0,bytes
2026-10-07T14:42:04,rate20mbit,N6,1,http,14,http_success,1,bool
2026-10-07T14:42:04,rate20mbit,N6,1,http,14,http_connect_ms,0.897,ms
2026-10-07T14:42:04,rate20mbit,N6,1,http,14,http_total_ms,1.921,ms
2026-10-07T14:42:04,rate20mbit,N6,1,http,14,http_size,896.0,bytes
2026-10-07T14:42:04,rate20mbit,N6,1,http,15,http_success,1,bool
2026-10-07T14:42:04,rate20mbit,N6,1,http,15,http_connect_ms,0.869,ms
2026-10-07T14:42:04,rate20mbit,N6,1,http,15,http_total_ms,1.91,ms
2026-10-07T14:42:04,rate20mbit,N6,1,http,15,http_size,896.0,bytes
2026-10-07T14:42:04,rate20mbit,N6,1,http,16,http_success,1,bool
2026-10-07T14:42:04,rate20mbit,N6,1,http,16,http_connect_ms,0.86,ms
2026-10-07T14:42:04,rate20mbit,N6,1,http,16,http_total_ms,1.903,ms
2026-10-07T14:42:04,rate20mbit,N6,1,http,16,http_size,896.0,bytes
2026-10-07T14:42:04,rate20mbit,N6,1,http,17,http_success,1,bool
2026-10-07T14:42:04,rate20mbit,N6,1,http,17,http_connect_ms,0.928,ms
2026-10-07T14:42:04,rate20mbit,N6,1,http,17,http_total_ms,2.06,ms
2026-10-07T14:42:04,rate20mbit,N6,1,http,17,http_size,896.0,bytes
2026-10-07T14:42:04,rate20mbit,N6,1,http,18,http_success,1,bool
2026-10-07T14:42:04,rate20mbit,N6,1,http,18,http_connect_ms,0.9940000000000001,ms
2026-10-07T14:42:04,rate20mbit,N6,1,http,18,http_total_ms,2.076,ms
2026-10-07T14:42:04,rate20mbit,N6,1,http,18,http_size,896.0,bytes
2026-10-07T14:42:04,rate20mbit,N6,1,http,19,http_success,1,bool
2026-10-07T14:42:04,rate20mbit,N6,1,http,19,http_connect_ms,0.941,ms
2026-10-07T14:42:04,rate20mbit,N6,1,http,19,http_total_ms,1.954,ms
2026-10-07T14:42:04,rate20mbit,N6,1,http,19,http_size,896.0,bytes
2026-10-07T14:42:04,rate20mbit,N6,1,http,20,http_success,1,bool
2026-10-07T14:42:04,rate20mbit,N6,1,http,20,http_connect_ms,0.879,ms
2026-10-07T14:42:04,rate20mbit,N6,1,http,20,http_total_ms,1.918,ms
2026-10-07T14:42:04,rate20mbit,N6,1,http,20,http_size,896.0,bytes
2026-10-07T14:42:39,rate20mbit,N6,2,icmp,1,packets_tx,50,count
2026-10-07T14:42:39,rate20mbit,N6,2,icmp,1,packets_rx,50,count
2026-10-07T14:42:39,rate20mbit,N6,2,icmp,1,loss_pct,0.0,%
2026-10-07T14:42:39,rate20mbit,N6,2,icmp,1,rtt_min,0.771,ms
2026-10-07T14:42:39,rate20mbit,N6,2,icmp,1,rtt_avg,2.73,ms
2026-10-07T14:42:39,rate20mbit,N6,2,icmp,1,rtt_max,4.496,ms
2026-10-07T14:42:39,rate20mbit,N6,2,icmp,1,rtt_mdev,1.043,ms
2026-10-07T14:42:39,rate20mbit,N6,2,tcp,1,sender_mbps,21.49276677350155,Mbit/s
2026-10-07T14:42:39,rate20mbit,N6,2,tcp,1,receiver_mbps,19.0644995135695,Mbit/s
2026-10-07T14:42:39,rate20mbit,N6,2,tcp,1,retransmits,0,count
2026-10-07T14:42:39,rate20mbit,N6,2,tcp,1,bytes,23831580,bytes
2026-10-07T14:42:39,rate20mbit,N6,2,udp,1,offered_mbps,30.0,Mbit/s
2026-10-07T14:42:39,rate20mbit,N6,2,udp,1,received_mbps,29.9999748027465,Mbit/s
2026-10-07T14:42:39,rate20mbit,N6,2,udp,1,loss_pct,29.792969592408884,%
2026-10-07T14:42:39,rate20mbit,N6,2,udp,1,jitter_ms,0.15055714584242313,ms
2026-10-07T14:42:39,rate20mbit,N6,2,udp,1,packets,27822,count
2026-10-07T14:42:39,rate20mbit,N6,2,http,1,http_success,1,bool
2026-10-07T14:42:39,rate20mbit,N6,2,http,1,http_connect_ms,1.088,ms
2026-10-07T14:42:39,rate20mbit,N6,2,http,1,http_total_ms,2.317,ms
2026-10-07T14:42:39,rate20mbit,N6,2,http,1,http_size,896.0,bytes
2026-10-07T14:42:39,rate20mbit,N6,2,http,2,http_success,1,bool
2026-10-07T14:42:39,rate20mbit,N6,2,http,2,http_connect_ms,1.0150000000000001,ms
2026-10-07T14:42:39,rate20mbit,N6,2,http,2,http_total_ms,2.0509999999999997,ms
2026-10-07T14:42:39,rate20mbit,N6,2,http,2,http_size,896.0,bytes
2026-10-07T14:42:39,rate20mbit,N6,2,http,3,http_success,1,bool
2026-10-07T14:42:39,rate20mbit,N6,2,http,3,http_connect_ms,0.891,ms
2026-10-07T14:42:39,rate20mbit,N6,2,http,3,http_total_ms,1.909,ms
2026-10-07T14:42:39,rate20mbit,N6,2,http,3,http_size,896.0,bytes
2026-10-07T14:42:39,rate20mbit,N6,2,http,4,http_success,1,bool
2026-10-07T14:42:39,rate20mbit,N6,2,http,4,http_connect_ms,0.901,ms
2026-10-07T14:42:39,rate20mbit,N6,2,http,4,http_total_ms,1.898,ms
2026-10-07T14:42:39,rate20mbit,N6,2,http,4,http_size,896.0,bytes
2026-10-07T14:42:39,rate20mbit,N6,2,http,5,http_success,1,bool
2026-10-07T14:42:39,rate20mbit,N6,2,http,5,http_connect_ms,0.939,ms
2026-10-07T14:42:39,rate20mbit,N6,2,http,5,http_total_ms,1.9880000000000002,ms
2026-10-07T14:42:39,rate20mbit,N6,2,http,5,http_size,896.0,bytes
2026-10-07T14:42:39,rate20mbit,N6,2,http,6,http_success,1,bool
2026-10-07T14:42:39,rate20mbit,N6,2,http,6,http_connect_ms,0.9560000000000001,ms
2026-10-07T14:42:39,rate20mbit,N6,2,http,6,http_total_ms,1.9889999999999999,ms
2026-10-07T14:42:39,rate20mbit,N6,2,http,6,http_size,896.0,bytes
2026-10-07T14:42:39,rate20mbit,N6,2,http,7,http_success,1,bool
2026-10-07T14:42:39,rate20mbit,N6,2,http,7,http_connect_ms,0.894,ms
2026-10-07T14:42:39,rate20mbit,N6,2,http,7,http_total_ms,1.938,ms
2026-10-07T14:42:39,rate20mbit,N6,2,http,7,http_size,896.0,bytes
2026-10-07T14:42:39,rate20mbit,N6,2,http,8,http_success,1,bool
2026-10-07T14:42:39,rate20mbit,N6,2,http,8,http_connect_ms,1.002,ms
2026-10-07T14:42:39,rate20mbit,N6,2,http,8,http_total_ms,2.079,ms
2026-10-07T14:42:39,rate20mbit,N6,2,http,8,http_size,896.0,bytes
2026-10-07T14:42:39,rate20mbit,N6,2,http,9,http_success,1,bool
2026-10-07T14:42:39,rate20mbit,N6,2,http,9,http_connect_ms,0.889,ms
2026-10-07T14:42:39,rate20mbit,N6,2,http,9,http_total_ms,2.02,ms
2026-10-07T14:42:39,rate20mbit,N6,2,http,9,http_size,896.0,bytes
2026-10-07T14:42:39,rate20mbit,N6,2,http,10,http_success,1,bool
2026-10-07T14:42:39,rate20mbit,N6,2,http,10,http_connect_ms,0.928,ms
2026-10-07T14:42:39,rate20mbit,N6,2,http,10,http_total_ms,2.043,ms
2026-10-07T14:42:39,rate20mbit,N6,2,http,10,http_size,896.0,bytes
2026-10-07T14:42:39,rate20mbit,N6,2,http,11,http_success,1,bool
2026-10-07T14:42:39,rate20mbit,N6,2,http,11,http_connect_ms,0.914,ms
2026-10-07T14:42:39,rate20mbit,N6,2,http,11,http_total_ms,1.929,ms
2026-10-07T14:42:39,rate20mbit,N6,2,http,11,http_size,896.0,bytes
2026-10-07T14:42:39,rate20mbit,N6,2,http,12,http_success,1,bool
2026-10-07T14:42:39,rate20mbit,N6,2,http,12,http_connect_ms,0.896,ms
2026-10-07T14:42:39,rate20mbit,N6,2,http,12,http_total_ms,1.917,ms
2026-10-07T14:42:39,rate20mbit,N6,2,http,12,http_size,896.0,bytes
2026-10-07T14:42:39,rate20mbit,N6,2,http,13,http_success,1,bool
2026-10-07T14:42:39,rate20mbit,N6,2,http,13,http_connect_ms,0.868,ms
2026-10-07T14:42:39,rate20mbit,N6,2,http,13,http_total_ms,2.0170000000000003,ms
2026-10-07T14:42:39,rate20mbit,N6,2,http,13,http_size,896.0,bytes
2026-10-07T14:42:39,rate20mbit,N6,2,http,14,http_success,1,bool
2026-10-07T14:42:39,rate20mbit,N6,2,http,14,http_connect_ms,0.848,ms
2026-10-07T14:42:39,rate20mbit,N6,2,http,14,http_total_ms,1.8719999999999999,ms
2026-10-07T14:42:39,rate20mbit,N6,2,http,14,http_size,896.0,bytes
2026-10-07T14:42:39,rate20mbit,N6,2,http,15,http_success,1,bool
2026-10-07T14:42:39,rate20mbit,N6,2,http,15,http_connect_ms,0.883,ms
2026-10-07T14:42:39,rate20mbit,N6,2,http,15,http_total_ms,1.9559999999999997,ms
2026-10-07T14:42:39,rate20mbit,N6,2,http,15,http_size,896.0,bytes
2026-10-07T14:42:39,rate20mbit,N6,2,http,16,http_success,1,bool
2026-10-07T14:42:39,rate20mbit,N6,2,http,16,http_connect_ms,0.945,ms
2026-10-07T14:42:39,rate20mbit,N6,2,http,16,http_total_ms,1.961,ms
2026-10-07T14:42:39,rate20mbit,N6,2,http,16,http_size,896.0,bytes
2026-10-07T14:42:39,rate20mbit,N6,2,http,17,http_success,1,bool
2026-10-07T14:42:39,rate20mbit,N6,2,http,17,http_connect_ms,0.939,ms
2026-10-07T14:42:39,rate20mbit,N6,2,http,17,http_total_ms,1.9449999999999998,ms
2026-10-07T14:42:39,rate20mbit,N6,2,http,17,http_size,896.0,bytes
2026-10-07T14:42:39,rate20mbit,N6,2,http,18,http_success,1,bool
2026-10-07T14:42:39,rate20mbit,N6,2,http,18,http_connect_ms,0.862,ms
2026-10-07T14:42:39,rate20mbit,N6,2,http,18,http_total_ms,1.882,ms
2026-10-07T14:42:39,rate20mbit,N6,2,http,18,http_size,896.0,bytes
2026-10-07T14:42:39,rate20mbit,N6,2,http,19,http_success,1,bool
2026-10-07T14:42:39,rate20mbit,N6,2,http,19,http_connect_ms,0.893,ms
2026-10-07T14:42:39,rate20mbit,N6,2,http,19,http_total_ms,1.939,ms
2026-10-07T14:42:39,rate20mbit,N6,2,http,19,http_size,896.0,bytes
2026-10-07T14:42:39,rate20mbit,N6,2,http,20,http_success,1,bool
2026-10-07T14:42:39,rate20mbit,N6,2,http,20,http_connect_ms,1.244,ms
2026-10-07T14:42:39,rate20mbit,N6,2,http,20,http_total_ms,2.296,ms
2026-10-07T14:42:39,rate20mbit,N6,2,http,20,http_size,896.0,bytes
2026-10-07T14:43:13,rate20mbit,N6,3,icmp,1,packets_tx,50,count
2026-10-07T14:43:13,rate20mbit,N6,3,icmp,1,packets_rx,50,count
2026-10-07T14:43:13,rate20mbit,N6,3,icmp,1,loss_pct,0.0,%
2026-10-07T14:43:13,rate20mbit,N6,3,icmp,1,rtt_min,0.693,ms
2026-10-07T14:43:13,rate20mbit,N6,3,icmp,1,rtt_avg,2.439,ms
2026-10-07T14:43:13,rate20mbit,N6,3,icmp,1,rtt_max,5.21,ms
2026-10-07T14:43:13,rate20mbit,N6,3,icmp,1,rtt_mdev,1.226,ms
2026-10-07T14:43:13,rate20mbit,N6,3,tcp,1,sender_mbps,21.284098479972425,Mbit/s
2026-10-07T14:43:13,rate20mbit,N6,3,tcp,1,receiver_mbps,19.063777906865468,Mbit/s
2026-10-07T14:43:13,rate20mbit,N6,3,tcp,1,retransmits,0,count
2026-10-07T14:43:13,rate20mbit,N6,3,tcp,1,bytes,23829944,bytes
2026-10-07T14:43:13,rate20mbit,N6,3,udp,1,offered_mbps,30.0,Mbit/s
2026-10-07T14:43:13,rate20mbit,N6,3,udp,1,received_mbps,30.000853731957562,Mbit/s
2026-10-07T14:43:13,rate20mbit,N6,3,udp,1,loss_pct,29.789375314499317,%
2026-10-07T14:43:13,rate20mbit,N6,3,udp,1,jitter_ms,0.17398033330884607,ms
2026-10-07T14:43:13,rate20mbit,N6,3,udp,1,packets,27822,count
2026-10-07T14:43:13,rate20mbit,N6,3,http,1,http_success,1,bool
2026-10-07T14:43:13,rate20mbit,N6,3,http,1,http_connect_ms,1.2910000000000001,ms
2026-10-07T14:43:13,rate20mbit,N6,3,http,1,http_total_ms,2.5730000000000004,ms
2026-10-07T14:43:13,rate20mbit,N6,3,http,1,http_size,896.0,bytes
2026-10-07T14:43:13,rate20mbit,N6,3,http,2,http_success,1,bool
2026-10-07T14:43:13,rate20mbit,N6,3,http,2,http_connect_ms,1.2489999999999999,ms
2026-10-07T14:43:13,rate20mbit,N6,3,http,2,http_total_ms,2.348,ms
2026-10-07T14:43:13,rate20mbit,N6,3,http,2,http_size,896.0,bytes
2026-10-07T14:43:13,rate20mbit,N6,3,http,3,http_success,1,bool
2026-10-07T14:43:13,rate20mbit,N6,3,http,3,http_connect_ms,1.045,ms
2026-10-07T14:43:13,rate20mbit,N6,3,http,3,http_total_ms,2.209,ms
2026-10-07T14:43:13,rate20mbit,N6,3,http,3,http_size,896.0,bytes
2026-10-07T14:43:13,rate20mbit,N6,3,http,4,http_success,1,bool
2026-10-07T14:43:13,rate20mbit,N6,3,http,4,http_connect_ms,1.202,ms
2026-10-07T14:43:13,rate20mbit,N6,3,http,4,http_total_ms,2.458,ms
2026-10-07T14:43:13,rate20mbit,N6,3,http,4,http_size,896.0,bytes
2026-10-07T14:43:13,rate20mbit,N6,3,http,5,http_success,1,bool
2026-10-07T14:43:13,rate20mbit,N6,3,http,5,http_connect_ms,1.1689999999999998,ms
2026-10-07T14:43:13,rate20mbit,N6,3,http,5,http_total_ms,2.3249999999999997,ms
2026-10-07T14:43:13,rate20mbit,N6,3,http,5,http_size,896.0,bytes
2026-10-07T14:43:13,rate20mbit,N6,3,http,6,http_success,1,bool
2026-10-07T14:43:13,rate20mbit,N6,3,http,6,http_connect_ms,1.209,ms
2026-10-07T14:43:13,rate20mbit,N6,3,http,6,http_total_ms,2.3890000000000002,ms
2026-10-07T14:43:13,rate20mbit,N6,3,http,6,http_size,896.0,bytes
2026-10-07T14:43:13,rate20mbit,N6,3,http,7,http_success,1,bool
2026-10-07T14:43:13,rate20mbit,N6,3,http,7,http_connect_ms,1.4580000000000002,ms
2026-10-07T14:43:13,rate20mbit,N6,3,http,7,http_total_ms,2.6029999999999998,ms
2026-10-07T14:43:13,rate20mbit,N6,3,http,7,http_size,896.0,bytes
2026-10-07T14:43:13,rate20mbit,N6,3,http,8,http_success,1,bool
2026-10-07T14:43:13,rate20mbit,N6,3,http,8,http_connect_ms,1.121,ms
2026-10-07T14:43:13,rate20mbit,N6,3,http,8,http_total_ms,2.3080000000000003,ms
2026-10-07T14:43:13,rate20mbit,N6,3,http,8,http_size,896.0,bytes
2026-10-07T14:43:13,rate20mbit,N6,3,http,9,http_success,1,bool
2026-10-07T14:43:13,rate20mbit,N6,3,http,9,http_connect_ms,1.037,ms
2026-10-07T14:43:13,rate20mbit,N6,3,http,9,http_total_ms,2.352,ms
2026-10-07T14:43:13,rate20mbit,N6,3,http,9,http_size,896.0,bytes
2026-10-07T14:43:13,rate20mbit,N6,3,http,10,http_success,1,bool
2026-10-07T14:43:13,rate20mbit,N6,3,http,10,http_connect_ms,0.887,ms
2026-10-07T14:43:13,rate20mbit,N6,3,http,10,http_total_ms,2.068,ms
2026-10-07T14:43:13,rate20mbit,N6,3,http,10,http_size,896.0,bytes
2026-10-07T14:43:13,rate20mbit,N6,3,http,11,http_success,1,bool
2026-10-07T14:43:13,rate20mbit,N6,3,http,11,http_connect_ms,1.038,ms
2026-10-07T14:43:13,rate20mbit,N6,3,http,11,http_total_ms,2.093,ms
2026-10-07T14:43:13,rate20mbit,N6,3,http,11,http_size,896.0,bytes
2026-10-07T14:43:13,rate20mbit,N6,3,http,12,http_success,1,bool
2026-10-07T14:43:13,rate20mbit,N6,3,http,12,http_connect_ms,1.108,ms
2026-10-07T14:43:13,rate20mbit,N6,3,http,12,http_total_ms,2.2369999999999997,ms
2026-10-07T14:43:13,rate20mbit,N6,3,http,12,http_size,896.0,bytes
2026-10-07T14:43:13,rate20mbit,N6,3,http,13,http_success,1,bool
2026-10-07T14:43:13,rate20mbit,N6,3,http,13,http_connect_ms,0.977,ms
2026-10-07T14:43:13,rate20mbit,N6,3,http,13,http_total_ms,2.057,ms
2026-10-07T14:43:13,rate20mbit,N6,3,http,13,http_size,896.0,bytes
2026-10-07T14:43:13,rate20mbit,N6,3,http,14,http_success,1,bool
2026-10-07T14:43:13,rate20mbit,N6,3,http,14,http_connect_ms,1.036,ms
2026-10-07T14:43:13,rate20mbit,N6,3,http,14,http_total_ms,2.1519999999999997,ms
2026-10-07T14:43:13,rate20mbit,N6,3,http,14,http_size,896.0,bytes
2026-10-07T14:43:13,rate20mbit,N6,3,http,15,http_success,1,bool
2026-10-07T14:43:13,rate20mbit,N6,3,http,15,http_connect_ms,0.964,ms
2026-10-07T14:43:13,rate20mbit,N6,3,http,15,http_total_ms,2.1359999999999997,ms
2026-10-07T14:43:13,rate20mbit,N6,3,http,15,http_size,896.0,bytes
2026-10-07T14:43:13,rate20mbit,N6,3,http,16,http_success,1,bool
2026-10-07T14:43:13,rate20mbit,N6,3,http,16,http_connect_ms,1.7429999999999999,ms
2026-10-07T14:43:13,rate20mbit,N6,3,http,16,http_total_ms,2.948,ms
2026-10-07T14:43:13,rate20mbit,N6,3,http,16,http_size,896.0,bytes
2026-10-07T14:43:13,rate20mbit,N6,3,http,17,http_success,1,bool
2026-10-07T14:43:13,rate20mbit,N6,3,http,17,http_connect_ms,1.15,ms
2026-10-07T14:43:13,rate20mbit,N6,3,http,17,http_total_ms,2.294,ms
2026-10-07T14:43:13,rate20mbit,N6,3,http,17,http_size,896.0,bytes
2026-10-07T14:43:13,rate20mbit,N6,3,http,18,http_success,1,bool
2026-10-07T14:43:13,rate20mbit,N6,3,http,18,http_connect_ms,1.147,ms
2026-10-07T14:43:13,rate20mbit,N6,3,http,18,http_total_ms,2.383,ms
2026-10-07T14:43:13,rate20mbit,N6,3,http,18,http_size,896.0,bytes
2026-10-07T14:43:13,rate20mbit,N6,3,http,19,http_success,1,bool
2026-10-07T14:43:13,rate20mbit,N6,3,http,19,http_connect_ms,1.643,ms
2026-10-07T14:43:13,rate20mbit,N6,3,http,19,http_total_ms,2.902,ms
2026-10-07T14:43:13,rate20mbit,N6,3,http,19,http_size,896.0,bytes
2026-10-07T14:43:13,rate20mbit,N6,3,http,20,http_success,1,bool
2026-10-07T14:43:13,rate20mbit,N6,3,http,20,http_connect_ms,0.9970000000000001,ms
2026-10-07T14:43:13,rate20mbit,N6,3,http,20,http_total_ms,2.13,ms
2026-10-07T14:43:13,rate20mbit,N6,3,http,20,http_size,896.0,bytes
2026-10-07T14:43:56,recovery,none,1,icmp,1,packets_tx,50,count
2026-10-07T14:43:56,recovery,none,1,icmp,1,packets_rx,50,count
2026-10-07T14:43:56,recovery,none,1,icmp,1,loss_pct,0.0,%
2026-10-07T14:43:56,recovery,none,1,icmp,1,rtt_min,0.811,ms
2026-10-07T14:43:56,recovery,none,1,icmp,1,rtt_avg,2.99,ms
2026-10-07T14:43:56,recovery,none,1,icmp,1,rtt_max,4.913,ms
2026-10-07T14:43:56,recovery,none,1,icmp,1,rtt_mdev,1.046,ms
2026-10-07T14:43:56,recovery,none,1,tcp,1,sender_mbps,1057.1464032117565,Mbit/s
2026-10-07T14:43:56,recovery,none,1,tcp,1,receiver_mbps,1056.0094718541334,Mbit/s
2026-10-07T14:43:56,recovery,none,1,tcp,1,retransmits,1179,count
2026-10-07T14:43:56,recovery,none,1,tcp,1,bytes,1320032168,bytes
2026-10-07T14:43:56,recovery,none,1,udp,1,offered_mbps,10.0,Mbit/s
2026-10-07T14:43:56,recovery,none,1,udp,1,received_mbps,10.00084488889711,Mbit/s
2026-10-07T14:43:56,recovery,none,1,udp,1,loss_pct,0,%
2026-10-07T14:43:56,recovery,none,1,udp,1,jitter_ms,0.06147906550102662,ms
2026-10-07T14:43:56,recovery,none,1,udp,1,packets,9275,count
2026-10-07T14:43:56,recovery,none,1,http,1,http_success,1,bool
2026-10-07T14:43:56,recovery,none,1,http,1,http_connect_ms,1.038,ms
2026-10-07T14:43:56,recovery,none,1,http,1,http_total_ms,1.676,ms
2026-10-07T14:43:56,recovery,none,1,http,1,http_size,896.0,bytes
2026-10-07T14:43:56,recovery,none,1,http,2,http_success,1,bool
2026-10-07T14:43:56,recovery,none,1,http,2,http_connect_ms,0.9319999999999999,ms
2026-10-07T14:43:56,recovery,none,1,http,2,http_total_ms,1.503,ms
2026-10-07T14:43:56,recovery,none,1,http,2,http_size,896.0,bytes
2026-10-07T14:43:56,recovery,none,1,http,3,http_success,1,bool
2026-10-07T14:43:56,recovery,none,1,http,3,http_connect_ms,0.847,ms
2026-10-07T14:43:56,recovery,none,1,http,3,http_total_ms,1.425,ms
2026-10-07T14:43:56,recovery,none,1,http,3,http_size,896.0,bytes
2026-10-07T14:43:56,recovery,none,1,http,4,http_success,1,bool
2026-10-07T14:43:56,recovery,none,1,http,4,http_connect_ms,0.825,ms
2026-10-07T14:43:56,recovery,none,1,http,4,http_total_ms,1.463,ms
2026-10-07T14:43:56,recovery,none,1,http,4,http_size,896.0,bytes
2026-10-07T14:43:56,recovery,none,1,http,5,http_success,1,bool
2026-10-07T14:43:56,recovery,none,1,http,5,http_connect_ms,0.789,ms
2026-10-07T14:43:56,recovery,none,1,http,5,http_total_ms,1.601,ms
2026-10-07T14:43:56,recovery,none,1,http,5,http_size,896.0,bytes
2026-10-07T14:43:56,recovery,none,1,http,6,http_success,1,bool
2026-10-07T14:43:56,recovery,none,1,http,6,http_connect_ms,0.9520000000000001,ms
2026-10-07T14:43:56,recovery,none,1,http,6,http_total_ms,1.609,ms
2026-10-07T14:43:56,recovery,none,1,http,6,http_size,896.0,bytes
2026-10-07T14:43:56,recovery,none,1,http,7,http_success,1,bool
2026-10-07T14:43:56,recovery,none,1,http,7,http_connect_ms,1.22,ms
2026-10-07T14:43:56,recovery,none,1,http,7,http_total_ms,1.861,ms
2026-10-07T14:43:56,recovery,none,1,http,7,http_size,896.0,bytes
2026-10-07T14:43:56,recovery,none,1,http,8,http_success,1,bool
2026-10-07T14:43:56,recovery,none,1,http,8,http_connect_ms,1.2429999999999999,ms
2026-10-07T14:43:56,recovery,none,1,http,8,http_total_ms,1.916,ms
2026-10-07T14:43:56,recovery,none,1,http,8,http_size,896.0,bytes
2026-10-07T14:43:56,recovery,none,1,http,9,http_success,1,bool
2026-10-07T14:43:56,recovery,none,1,http,9,http_connect_ms,0.842,ms
2026-10-07T14:43:56,recovery,none,1,http,9,http_total_ms,1.4480000000000002,ms
2026-10-07T14:43:56,recovery,none,1,http,9,http_size,896.0,bytes
2026-10-07T14:43:56,recovery,none,1,http,10,http_success,1,bool
2026-10-07T14:43:56,recovery,none,1,http,10,http_connect_ms,0.804,ms
2026-10-07T14:43:56,recovery,none,1,http,10,http_total_ms,1.426,ms
2026-10-07T14:43:56,recovery,none,1,http,10,http_size,896.0,bytes
2026-10-07T14:43:56,recovery,none,1,http,11,http_success,1,bool
2026-10-07T14:43:56,recovery,none,1,http,11,http_connect_ms,0.805,ms
2026-10-07T14:43:56,recovery,none,1,http,11,http_total_ms,1.549,ms
2026-10-07T14:43:56,recovery,none,1,http,11,http_size,896.0,bytes
2026-10-07T14:43:56,recovery,none,1,http,12,http_success,1,bool
2026-10-07T14:43:56,recovery,none,1,http,12,http_connect_ms,0.864,ms
2026-10-07T14:43:56,recovery,none,1,http,12,http_total_ms,1.577,ms
2026-10-07T14:43:56,recovery,none,1,http,12,http_size,896.0,bytes
2026-10-07T14:43:56,recovery,none,1,http,13,http_success,1,bool
2026-10-07T14:43:56,recovery,none,1,http,13,http_connect_ms,1.074,ms
2026-10-07T14:43:56,recovery,none,1,http,13,http_total_ms,1.691,ms
2026-10-07T14:43:56,recovery,none,1,http,13,http_size,896.0,bytes
2026-10-07T14:43:56,recovery,none,1,http,14,http_success,1,bool
2026-10-07T14:43:56,recovery,none,1,http,14,http_connect_ms,0.976,ms
2026-10-07T14:43:56,recovery,none,1,http,14,http_total_ms,1.555,ms
2026-10-07T14:43:56,recovery,none,1,http,14,http_size,896.0,bytes
2026-10-07T14:43:56,recovery,none,1,http,15,http_success,1,bool
2026-10-07T14:43:56,recovery,none,1,http,15,http_connect_ms,0.906,ms
2026-10-07T14:43:56,recovery,none,1,http,15,http_total_ms,1.495,ms
2026-10-07T14:43:56,recovery,none,1,http,15,http_size,896.0,bytes
2026-10-07T14:43:56,recovery,none,1,http,16,http_success,1,bool
2026-10-07T14:43:56,recovery,none,1,http,16,http_connect_ms,0.901,ms
2026-10-07T14:43:56,recovery,none,1,http,16,http_total_ms,1.51,ms
2026-10-07T14:43:56,recovery,none,1,http,16,http_size,896.0,bytes
2026-10-07T14:43:56,recovery,none,1,http,17,http_success,1,bool
2026-10-07T14:43:56,recovery,none,1,http,17,http_connect_ms,0.848,ms
2026-10-07T14:43:56,recovery,none,1,http,17,http_total_ms,1.405,ms
2026-10-07T14:43:56,recovery,none,1,http,17,http_size,896.0,bytes
2026-10-07T14:43:56,recovery,none,1,http,18,http_success,1,bool
2026-10-07T14:43:56,recovery,none,1,http,18,http_connect_ms,1.052,ms
2026-10-07T14:43:56,recovery,none,1,http,18,http_total_ms,1.624,ms
2026-10-07T14:43:56,recovery,none,1,http,18,http_size,896.0,bytes
2026-10-07T14:43:56,recovery,none,1,http,19,http_success,1,bool
2026-10-07T14:43:56,recovery,none,1,http,19,http_connect_ms,0.898,ms
2026-10-07T14:43:56,recovery,none,1,http,19,http_total_ms,1.436,ms
2026-10-07T14:43:56,recovery,none,1,http,19,http_size,896.0,bytes
2026-10-07T14:43:56,recovery,none,1,http,20,http_success,1,bool
2026-10-07T14:43:56,recovery,none,1,http,20,http_connect_ms,0.9,ms
2026-10-07T14:43:56,recovery,none,1,http,20,http_total_ms,1.482,ms
2026-10-07T14:43:56,recovery,none,1,http,20,http_size,896.0,bytes
2026-10-07T14:44:29,recovery,none,2,icmp,1,packets_tx,50,count
2026-10-07T14:44:29,recovery,none,2,icmp,1,packets_rx,50,count
2026-10-07T14:44:29,recovery,none,2,icmp,1,loss_pct,0.0,%
2026-10-07T14:44:29,recovery,none,2,icmp,1,rtt_min,1.064,ms
2026-10-07T14:44:29,recovery,none,2,icmp,1,rtt_avg,3.052,ms
2026-10-07T14:44:29,recovery,none,2,icmp,1,rtt_max,4.873,ms
2026-10-07T14:44:29,recovery,none,2,icmp,1,rtt_mdev,1.062,ms
2026-10-07T14:44:29,recovery,none,2,tcp,1,sender_mbps,1056.01370414599,Mbit/s
2026-10-07T14:44:29,recovery,none,2,tcp,1,receiver_mbps,1055.0942919856202,Mbit/s
2026-10-07T14:44:29,recovery,none,2,tcp,1,retransmits,1069,count
2026-10-07T14:44:29,recovery,none,2,tcp,1,bytes,1318887648,bytes
2026-10-07T14:44:29,recovery,none,2,udp,1,offered_mbps,10.0,Mbit/s
2026-10-07T14:44:29,recovery,none,2,udp,1,received_mbps,10.000101590044176,Mbit/s
2026-10-07T14:44:29,recovery,none,2,udp,1,loss_pct,0,%
2026-10-07T14:44:29,recovery,none,2,udp,1,jitter_ms,0.053842959994854715,ms
2026-10-07T14:44:29,recovery,none,2,udp,1,packets,9274,count
2026-10-07T14:44:29,recovery,none,2,http,1,http_success,1,bool
2026-10-07T14:44:29,recovery,none,2,http,1,http_connect_ms,1.5610000000000002,ms
2026-10-07T14:44:29,recovery,none,2,http,1,http_total_ms,2.538,ms
2026-10-07T14:44:29,recovery,none,2,http,1,http_size,896.0,bytes
2026-10-07T14:44:29,recovery,none,2,http,2,http_success,1,bool
2026-10-07T14:44:29,recovery,none,2,http,2,http_connect_ms,0.9610000000000001,ms
2026-10-07T14:44:29,recovery,none,2,http,2,http_total_ms,1.598,ms
2026-10-07T14:44:29,recovery,none,2,http,2,http_size,896.0,bytes
2026-10-07T14:44:29,recovery,none,2,http,3,http_success,1,bool
2026-10-07T14:44:29,recovery,none,2,http,3,http_connect_ms,0.99,ms
2026-10-07T14:44:29,recovery,none,2,http,3,http_total_ms,1.588,ms
2026-10-07T14:44:29,recovery,none,2,http,3,http_size,896.0,bytes
2026-10-07T14:44:29,recovery,none,2,http,4,http_success,1,bool
2026-10-07T14:44:29,recovery,none,2,http,4,http_connect_ms,1.082,ms
2026-10-07T14:44:29,recovery,none,2,http,4,http_total_ms,2.032,ms
2026-10-07T14:44:29,recovery,none,2,http,4,http_size,896.0,bytes
2026-10-07T14:44:29,recovery,none,2,http,5,http_success,1,bool
2026-10-07T14:44:29,recovery,none,2,http,5,http_connect_ms,1.192,ms
2026-10-07T14:44:29,recovery,none,2,http,5,http_total_ms,1.85,ms
2026-10-07T14:44:29,recovery,none,2,http,5,http_size,896.0,bytes
2026-10-07T14:44:29,recovery,none,2,http,6,http_success,1,bool
2026-10-07T14:44:29,recovery,none,2,http,6,http_connect_ms,0.846,ms
2026-10-07T14:44:29,recovery,none,2,http,6,http_total_ms,1.428,ms
2026-10-07T14:44:29,recovery,none,2,http,6,http_size,896.0,bytes
2026-10-07T14:44:29,recovery,none,2,http,7,http_success,1,bool
2026-10-07T14:44:29,recovery,none,2,http,7,http_connect_ms,0.8360000000000001,ms
2026-10-07T14:44:29,recovery,none,2,http,7,http_total_ms,1.3780000000000001,ms
2026-10-07T14:44:29,recovery,none,2,http,7,http_size,896.0,bytes
2026-10-07T14:44:29,recovery,none,2,http,8,http_success,1,bool
2026-10-07T14:44:29,recovery,none,2,http,8,http_connect_ms,0.85,ms
2026-10-07T14:44:29,recovery,none,2,http,8,http_total_ms,1.5050000000000001,ms
2026-10-07T14:44:29,recovery,none,2,http,8,http_size,896.0,bytes
2026-10-07T14:44:29,recovery,none,2,http,9,http_success,1,bool
2026-10-07T14:44:29,recovery,none,2,http,9,http_connect_ms,1.027,ms
2026-10-07T14:44:29,recovery,none,2,http,9,http_total_ms,1.6800000000000002,ms
2026-10-07T14:44:29,recovery,none,2,http,9,http_size,896.0,bytes
2026-10-07T14:44:29,recovery,none,2,http,10,http_success,1,bool
2026-10-07T14:44:29,recovery,none,2,http,10,http_connect_ms,0.8270000000000001,ms
2026-10-07T14:44:29,recovery,none,2,http,10,http_total_ms,1.399,ms
2026-10-07T14:44:29,recovery,none,2,http,10,http_size,896.0,bytes
2026-10-07T14:44:29,recovery,none,2,http,11,http_success,1,bool
2026-10-07T14:44:29,recovery,none,2,http,11,http_connect_ms,0.824,ms
2026-10-07T14:44:29,recovery,none,2,http,11,http_total_ms,1.375,ms
2026-10-07T14:44:29,recovery,none,2,http,11,http_size,896.0,bytes
2026-10-07T14:44:29,recovery,none,2,http,12,http_success,1,bool
2026-10-07T14:44:29,recovery,none,2,http,12,http_connect_ms,0.839,ms
2026-10-07T14:44:29,recovery,none,2,http,12,http_total_ms,1.408,ms
2026-10-07T14:44:29,recovery,none,2,http,12,http_size,896.0,bytes
2026-10-07T14:44:29,recovery,none,2,http,13,http_success,1,bool
2026-10-07T14:44:29,recovery,none,2,http,13,http_connect_ms,1.038,ms
2026-10-07T14:44:29,recovery,none,2,http,13,http_total_ms,1.706,ms
2026-10-07T14:44:29,recovery,none,2,http,13,http_size,896.0,bytes
2026-10-07T14:44:29,recovery,none,2,http,14,http_success,1,bool
2026-10-07T14:44:29,recovery,none,2,http,14,http_connect_ms,0.909,ms
2026-10-07T14:44:29,recovery,none,2,http,14,http_total_ms,1.4829999999999999,ms
2026-10-07T14:44:29,recovery,none,2,http,14,http_size,896.0,bytes
2026-10-07T14:44:29,recovery,none,2,http,15,http_success,1,bool
2026-10-07T14:44:29,recovery,none,2,http,15,http_connect_ms,0.9460000000000001,ms
2026-10-07T14:44:29,recovery,none,2,http,15,http_total_ms,1.519,ms
2026-10-07T14:44:29,recovery,none,2,http,15,http_size,896.0,bytes
2026-10-07T14:44:29,recovery,none,2,http,16,http_success,1,bool
2026-10-07T14:44:29,recovery,none,2,http,16,http_connect_ms,0.977,ms
2026-10-07T14:44:29,recovery,none,2,http,16,http_total_ms,1.595,ms
2026-10-07T14:44:29,recovery,none,2,http,16,http_size,896.0,bytes
2026-10-07T14:44:29,recovery,none,2,http,17,http_success,1,bool
2026-10-07T14:44:29,recovery,none,2,http,17,http_connect_ms,0.912,ms
2026-10-07T14:44:29,recovery,none,2,http,17,http_total_ms,1.6440000000000001,ms
2026-10-07T14:44:29,recovery,none,2,http,17,http_size,896.0,bytes
2026-10-07T14:44:29,recovery,none,2,http,18,http_success,1,bool
2026-10-07T14:44:29,recovery,none,2,http,18,http_connect_ms,0.853,ms
2026-10-07T14:44:29,recovery,none,2,http,18,http_total_ms,1.387,ms
2026-10-07T14:44:29,recovery,none,2,http,18,http_size,896.0,bytes
2026-10-07T14:44:29,recovery,none,2,http,19,http_success,1,bool
2026-10-07T14:44:29,recovery,none,2,http,19,http_connect_ms,0.8400000000000001,ms
2026-10-07T14:44:29,recovery,none,2,http,19,http_total_ms,1.442,ms
2026-10-07T14:44:29,recovery,none,2,http,19,http_size,896.0,bytes
2026-10-07T14:44:29,recovery,none,2,http,20,http_success,1,bool
2026-10-07T14:44:29,recovery,none,2,http,20,http_connect_ms,1.111,ms
2026-10-07T14:44:29,recovery,none,2,http,20,http_total_ms,1.9880000000000002,ms
2026-10-07T14:44:29,recovery,none,2,http,20,http_size,896.0,bytes
2026-10-07T14:45:03,recovery,none,3,icmp,1,packets_tx,50,count
2026-10-07T14:45:03,recovery,none,3,icmp,1,packets_rx,50,count
2026-10-07T14:45:03,recovery,none,3,icmp,1,loss_pct,0.0,%
2026-10-07T14:45:03,recovery,none,3,icmp,1,rtt_min,0.732,ms
2026-10-07T14:45:03,recovery,none,3,icmp,1,rtt_avg,2.236,ms
2026-10-07T14:45:03,recovery,none,3,icmp,1,rtt_max,4.791,ms
2026-10-07T14:45:03,recovery,none,3,icmp,1,rtt_mdev,0.901,ms
2026-10-07T14:45:03,recovery,none,3,tcp,1,sender_mbps,1052.3350283722457,Mbit/s
2026-10-07T14:45:03,recovery,none,3,tcp,1,receiver_mbps,1051.2200718996405,Mbit/s
2026-10-07T14:45:03,recovery,none,3,tcp,1,retransmits,1045,count
2026-10-07T14:45:03,recovery,none,3,tcp,1,bytes,1314031660,bytes
2026-10-07T14:45:03,recovery,none,3,udp,1,offered_mbps,10.0,Mbit/s
2026-10-07T14:45:03,recovery,none,3,udp,1,received_mbps,9.99998360180052,Mbit/s
2026-10-07T14:45:03,recovery,none,3,udp,1,loss_pct,0,%
2026-10-07T14:45:03,recovery,none,3,udp,1,jitter_ms,0.056013936152585764,ms
2026-10-07T14:45:03,recovery,none,3,udp,1,packets,9274,count
2026-10-07T14:45:03,recovery,none,3,http,1,http_success,1,bool
2026-10-07T14:45:03,recovery,none,3,http,1,http_connect_ms,1.7260000000000002,ms
2026-10-07T14:45:03,recovery,none,3,http,1,http_total_ms,2.8440000000000003,ms
2026-10-07T14:45:03,recovery,none,3,http,1,http_size,896.0,bytes
2026-10-07T14:45:03,recovery,none,3,http,2,http_success,1,bool
2026-10-07T14:45:03,recovery,none,3,http,2,http_connect_ms,1.323,ms
2026-10-07T14:45:03,recovery,none,3,http,2,http_total_ms,2.059,ms
2026-10-07T14:45:03,recovery,none,3,http,2,http_size,896.0,bytes
2026-10-07T14:45:03,recovery,none,3,http,3,http_success,1,bool
2026-10-07T14:45:03,recovery,none,3,http,3,http_connect_ms,1.896,ms
2026-10-07T14:45:03,recovery,none,3,http,3,http_total_ms,2.686,ms
2026-10-07T14:45:03,recovery,none,3,http,3,http_size,896.0,bytes
2026-10-07T14:45:03,recovery,none,3,http,4,http_success,1,bool
2026-10-07T14:45:03,recovery,none,3,http,4,http_connect_ms,0.9740000000000001,ms
2026-10-07T14:45:03,recovery,none,3,http,4,http_total_ms,1.608,ms
2026-10-07T14:45:03,recovery,none,3,http,4,http_size,896.0,bytes
2026-10-07T14:45:03,recovery,none,3,http,5,http_success,1,bool
2026-10-07T14:45:03,recovery,none,3,http,5,http_connect_ms,1.142,ms
2026-10-07T14:45:03,recovery,none,3,http,5,http_total_ms,1.724,ms
2026-10-07T14:45:03,recovery,none,3,http,5,http_size,896.0,bytes
2026-10-07T14:45:03,recovery,none,3,http,6,http_success,1,bool
2026-10-07T14:45:03,recovery,none,3,http,6,http_connect_ms,1.141,ms
2026-10-07T14:45:03,recovery,none,3,http,6,http_total_ms,1.835,ms
2026-10-07T14:45:03,recovery,none,3,http,6,http_size,896.0,bytes
2026-10-07T14:45:03,recovery,none,3,http,7,http_success,1,bool
2026-10-07T14:45:03,recovery,none,3,http,7,http_connect_ms,0.9319999999999999,ms
2026-10-07T14:45:03,recovery,none,3,http,7,http_total_ms,1.575,ms
2026-10-07T14:45:03,recovery,none,3,http,7,http_size,896.0,bytes
2026-10-07T14:45:03,recovery,none,3,http,8,http_success,1,bool
2026-10-07T14:45:03,recovery,none,3,http,8,http_connect_ms,0.92,ms
2026-10-07T14:45:03,recovery,none,3,http,8,http_total_ms,1.532,ms
2026-10-07T14:45:03,recovery,none,3,http,8,http_size,896.0,bytes
2026-10-07T14:45:03,recovery,none,3,http,9,http_success,1,bool
2026-10-07T14:45:03,recovery,none,3,http,9,http_connect_ms,1.355,ms
2026-10-07T14:45:03,recovery,none,3,http,9,http_total_ms,2.032,ms
2026-10-07T14:45:03,recovery,none,3,http,9,http_size,896.0,bytes
2026-10-07T14:45:03,recovery,none,3,http,10,http_success,1,bool
2026-10-07T14:45:03,recovery,none,3,http,10,http_connect_ms,0.954,ms
2026-10-07T14:45:03,recovery,none,3,http,10,http_total_ms,1.546,ms
2026-10-07T14:45:03,recovery,none,3,http,10,http_size,896.0,bytes
2026-10-07T14:45:03,recovery,none,3,http,11,http_success,1,bool
2026-10-07T14:45:03,recovery,none,3,http,11,http_connect_ms,1.012,ms
2026-10-07T14:45:03,recovery,none,3,http,11,http_total_ms,1.653,ms
2026-10-07T14:45:03,recovery,none,3,http,11,http_size,896.0,bytes
2026-10-07T14:45:03,recovery,none,3,http,12,http_success,1,bool
2026-10-07T14:45:03,recovery,none,3,http,12,http_connect_ms,1.822,ms
2026-10-07T14:45:03,recovery,none,3,http,12,http_total_ms,2.734,ms
2026-10-07T14:45:03,recovery,none,3,http,12,http_size,896.0,bytes
2026-10-07T14:45:03,recovery,none,3,http,13,http_success,1,bool
2026-10-07T14:45:03,recovery,none,3,http,13,http_connect_ms,1.067,ms
2026-10-07T14:45:03,recovery,none,3,http,13,http_total_ms,1.812,ms
2026-10-07T14:45:03,recovery,none,3,http,13,http_size,896.0,bytes
2026-10-07T14:45:03,recovery,none,3,http,14,http_success,1,bool
2026-10-07T14:45:03,recovery,none,3,http,14,http_connect_ms,0.924,ms
2026-10-07T14:45:03,recovery,none,3,http,14,http_total_ms,1.608,ms
2026-10-07T14:45:03,recovery,none,3,http,14,http_size,896.0,bytes
2026-10-07T14:45:03,recovery,none,3,http,15,http_success,1,bool
2026-10-07T14:45:03,recovery,none,3,http,15,http_connect_ms,1.568,ms
2026-10-07T14:45:03,recovery,none,3,http,15,http_total_ms,2.2439999999999998,ms
2026-10-07T14:45:03,recovery,none,3,http,15,http_size,896.0,bytes
2026-10-07T14:45:03,recovery,none,3,http,16,http_success,1,bool
2026-10-07T14:45:03,recovery,none,3,http,16,http_connect_ms,0.973,ms
2026-10-07T14:45:03,recovery,none,3,http,16,http_total_ms,1.593,ms
2026-10-07T14:45:03,recovery,none,3,http,16,http_size,896.0,bytes
2026-10-07T14:45:03,recovery,none,3,http,17,http_success,1,bool
2026-10-07T14:45:03,recovery,none,3,http,17,http_connect_ms,1.0790000000000002,ms
2026-10-07T14:45:03,recovery,none,3,http,17,http_total_ms,1.756,ms
2026-10-07T14:45:03,recovery,none,3,http,17,http_size,896.0,bytes
2026-10-07T14:45:03,recovery,none,3,http,18,http_success,1,bool
2026-10-07T14:45:03,recovery,none,3,http,18,http_connect_ms,1.71,ms
2026-10-07T14:45:03,recovery,none,3,http,18,http_total_ms,2.439,ms
2026-10-07T14:45:03,recovery,none,3,http,18,http_size,896.0,bytes
2026-10-07T14:45:03,recovery,none,3,http,19,http_success,1,bool
2026-10-07T14:45:03,recovery,none,3,http,19,http_connect_ms,1.021,ms
2026-10-07T14:45:03,recovery,none,3,http,19,http_total_ms,1.671,ms
2026-10-07T14:45:03,recovery,none,3,http,19,http_size,896.0,bytes
2026-10-07T14:45:03,recovery,none,3,http,20,http_success,1,bool
2026-10-07T14:45:03,recovery,none,3,http,20,http_connect_ms,0.909,ms
2026-10-07T14:45:03,recovery,none,3,http,20,http_total_ms,1.502,ms
2026-10-07T14:45:03,recovery,none,3,http,20,http_size,896.0,bytes
